Image_id,blast_prob,brown_prob,healthy_prob
id_00vl5wvxq3.jpg,0.5761169195175171,0.21194157004356384,0.21194157004356384
id_01hu05mtch.jpg,0.37391752004623413,0.3932086229324341,0.23287387192249298
id_030ln10ewn.jpg,0.341427743434906,0.305731862783432,0.3528404235839844
id_03z57m8xht.jpg,0.5761169195175171,0.21194157004356384,0.21194157004356384
id_04ngep1w4b.jpg,0.5761169195175171,0.21194157004356384,0.21194157004356384
id_050c6jzczt.jpg,0.21571148931980133,0.5712791085243225,0.213009312748909
id_062s7kr3jp.jpg,0.5761092901229858,0.2119465470314026,0.21194416284561157
id_066v0v19bm.jpg,0.5761169195175171,0.21194157004356384,0.21194157004356384
id_07v2dwvq17.jpg,0.517854630947113,0.2596636712551117,0.22248172760009766
id_084yoijkju.jpg,0.5761169195175171,0.21194157004356384,0.21194157004356384
id_089nmtd1v0.jpg,0.5751239061355591,0.2122088372707367,0.21266719698905945
id_0ane7k90m0.jpg,0.5761169195175171,0.21194157004356384,0.21194157004356384
id_0e7wk9uzq3.jpg,0.5761169195175171,0.21194157004356384,0.21194157004356384
id_0f43lwh2ve.jpg,0.2142324596643448,0.5656495690345764,0.2201179713010788
id_0gutmn510g.jpg,0.21194157004356384,0.21194162964820862,0.5761168003082275
id_0ivqysjaf3.jpg,0.5761169195175171,0.21194157004356384,0.21194157004356384
id_0jv00ddllp.jpg,0.5761169195175171,0.21194157004356384,0.21194157004356384
id_0jvgjlu6db.jpg,0.5761169195175171,0.21194157004356384,0.21194157004356384
id_0kb1k9p3ox.jpg,0.2205066978931427,0.5648884177207947,0.21460489928722382
id_0ptdk3a5vq.jpg,0.5719542503356934,0.21521204710006714,0.2128336876630783
id_0r2hdgahag.jpg,0.22619618475437164,0.28362563252449036,0.4901781678199768
id_0rye0m9k8n.jpg,0.5761169195175171,0.21194157004356384,0.21194157004356384
id_0s71zmqgab.jpg,0.21194158494472504,0.211941659450531,0.5761167407035828
id_0s8jfre56d.jpg,0.5761168599128723,0.21194158494472504,0.21194158494472504
id_0s8p3xe7ox.jpg,0.21194884181022644,0.5761054158210754,0.21194568276405334
id_0sfi1usm7o.jpg,0.23145678639411926,0.33770430088043213,0.430838942527771
id_0sj2nj0iv8.jpg,0.23282264173030853,0.38645005226135254,0.38072726130485535
id_0sk77pcna4.jpg,0.21493305265903473,0.5655716061592102,0.21949538588523865
id_0u5yyljlni.jpg,0.21194550395011902,0.5761114358901978,0.21194303035736084
id_0wmuruj6vc.jpg,0.5761168003082275,0.21194157004356384,0.21194162964820862
id_0x8ufanyyl.jpg,0.5760253071784973,0.21197238564491272,0.21200233697891235
id_0zmihf5mrh.jpg,0.21203827857971191,0.5758273601531982,0.21213439106941223
id_102rthzp5d.jpg,0.5758378505706787,0.2121555060148239,0.21200671792030334
id_10jv6d35ge.jpg,0.5761169195175171,0.21194157004356384,0.21194157004356384
id_10wvvleobw.jpg,0.5761169195175171,0.21194157004356384,0.21194157004356384
id_12exehmn04.jpg,0.5761169195175171,0.21194157004356384,0.21194157004356384
id_12sbto2xb5.jpg,0.5761169195175171,0.21194157004356384,0.21194157004356384
id_15kgdxivta.jpg,0.576049268245697,0.21199019253253937,0.2119605392217636
id_16cw42588b.jpg,0.21564199030399323,0.5585806965827942,0.2257772833108902
id_172v32sjrd.jpg,0.23013782501220703,0.4501582384109497,0.3197039067745209
id_185nae1uwe.jpg,0.5761169195175171,0.21194157004356384,0.21194157004356384
id_18dbof864z.jpg,0.5761169195175171,0.21194157004356384,0.21194157004356384
id_18gc0uojou.jpg,0.231264129281044,0.33535951375961304,0.4333763122558594
id_18tvychr6u.jpg,0.5757394433021545,0.21223345398902893,0.2120271772146225
id_1abk7wnlia.jpg,0.5761169195175171,0.21194157004356384,0.21194157004356384
id_1b75oukcu7.jpg,0.5761157274246216,0.2119421809911728,0.21194203197956085
id_1biitp0gbc.jpg,0.21194297075271606,0.5761148929595947,0.21194210648536682
id_1bwteyjgef.jpg,0.5761168599128723,0.21194158494472504,0.21194157004356384
id_1cgkf5k10j.jpg,0.5761169195175171,0.21194157004356384,0.21194157004356384
id_1faueyfqyx.jpg,0.21194298565387726,0.21194542944431305,0.5761116147041321
id_1gkr07e0kd.jpg,0.5761169195175171,0.21194157004356384,0.21194157004356384
id_1gn0og83mi.jpg,0.21742554008960724,0.2197677344083786,0.5628067255020142
id_1gxrc02que.jpg,0.5761142373085022,0.21194298565387726,0.21194273233413696
id_1i4c79c9ji.jpg,0.5761169195175171,0.21194157004356384,0.21194157004356384
id_1i5v2j4sax.jpg,0.21194219589233398,0.5761160254478455,0.21194182336330414
id_1j1edjfd4f.jpg,0.21195319294929504,0.5761002898216248,0.21194644272327423
id_1jex1cbzqz.jpg,0.5761104822158813,0.2119455188512802,0.21194393932819366
id_1jklgpd8d6.jpg,0.5761156678199768,0.21194247901439667,0.21194186806678772
id_1krj65y404.jpg,0.4838016629219055,0.227003812789917,0.2891944944858551
id_1m6n769g91.jpg,0.5761169195175171,0.21194157004356384,0.21194157004356384
id_1nfivdxg3k.jpg,0.5761167407035828,0.21194158494472504,0.21194158494472504
id_1nrkalt5m2.jpg,0.5491368174552917,0.233433336019516,0.21742986142635345
id_1p26yf26ad.jpg,0.5761157870292664,0.2119419425725937,0.21194222569465637
id_1phhaetwp0.jpg,0.573702335357666,0.21382780373096466,0.21246987581253052
id_1q5254vwyn.jpg,0.5761169195175171,0.21194157004356384,0.21194157004356384
id_1s51xf1hzi.jpg,0.5761169195175171,0.21194157004356384,0.21194157004356384
id_1sju9mce8x.jpg,0.21194158494472504,0.5761168599128723,0.21194158494472504
id_1sobp25gqr.jpg,0.5761153101921082,0.21194203197956085,0.2119426727294922
id_1tajvlo77s.jpg,0.5761169195175171,0.21194157004356384,0.21194157004356384
id_1uoy9y28ci.jpg,0.23265300691127777,0.3598826825618744,0.40746426582336426
id_1w1zx50ks3.jpg,0.5761169195175171,0.21194157004356384,0.21194157004356384
id_1wkzflxkh6.jpg,0.5761169195175171,0.21194157004356384,0.21194157004356384
id_1xohzz86kf.jpg,0.5761169195175171,0.21194157004356384,0.21194157004356384
id_1y0zncmgqb.jpg,0.5760238766670227,0.2120058387517929,0.2119702696800232
id_1y37qz4ry0.jpg,0.5761169195175171,0.21194157004356384,0.21194157004356384
id_1yrozih525.jpg,0.2128746211528778,0.5749198794364929,0.2122054547071457
id_1yzlxwmbtw.jpg,0.24683567881584167,0.5330607295036316,0.22010360658168793
id_1zyv1iq9ke.jpg,0.2450293004512787,0.5350313782691956,0.21993935108184814
id_202qmgptos.jpg,0.5761168003082275,0.21194162964820862,0.21194157004356384
id_20jy1dng9w.jpg,0.5761169195175171,0.21194157004356384,0.21194157004356384
id_20lxhltxfh.jpg,0.5742028951644897,0.2133057415485382,0.21249142289161682
id_222sm7fvpz.jpg,0.21361856162548065,0.21838462352752686,0.5679968595504761
id_22xrmf5o43.jpg,0.5761169195175171,0.21194157004356384,0.21194157004356384
id_23frz85y4q.jpg,0.5761169195175171,0.21194157004356384,0.21194157004356384
id_2429vw33is.jpg,0.2119421660900116,0.5761155486106873,0.21194224059581757
id_244q5yfpok.jpg,0.5761169195175171,0.21194157004356384,0.21194157004356384
id_25b366alwi.jpg,0.5132315158843994,0.22325755655765533,0.26351091265678406
id_2634btzlwa.jpg,0.21199998259544373,0.21215936541557312,0.5758406519889832
id_29147ujazi.jpg,0.5761168599128723,0.21194157004356384,0.21194158494472504
id_29ua75zqlo.jpg,0.5317018628120422,0.2428867369890213,0.22541144490242004
id_2btc6aaiul.jpg,0.2119421809911728,0.5761160254478455,0.21194182336330414
id_2dc984fdle.jpg,0.21194155514240265,0.21194155514240265,0.5761168599128723
id_2e6287ty0v.jpg,0.5761169195175171,0.21194157004356384,0.21194157004356384
id_2f0o0mfu1g.jpg,0.5761169195175171,0.21194157004356384,0.21194157004356384
id_2fljyfm5he.jpg,0.5761169195175171,0.21194157004356384,0.21194157004356384
id_2ifmsk6xpl.jpg,0.576115071773529,0.21194247901439667,0.21194234490394592
id_2ku67cg3ud.jpg,0.5761122703552246,0.21194486320018768,0.2119429111480713
id_2nmj22clly.jpg,0.5761169195175171,0.21194157004356384,0.21194157004356384
id_2o6mpuqjj6.jpg,0.5761169195175171,0.21194157004356384,0.21194157004356384
id_2pybialww7.jpg,0.21266289055347443,0.575191855430603,0.2121453583240509
id_2q6g4ubcn3.jpg,0.5761167407035828,0.21194158494472504,0.21194158494472504
id_2uahvm6nlz.jpg,0.5761169195175171,0.21194157004356384,0.21194157004356384
id_2y87y866kh.jpg,0.5761164426803589,0.21194180846214294,0.21194180846214294
id_2z9iw7acwj.jpg,0.5761169195175171,0.21194157004356384,0.21194157004356384
id_321v8nul8r.jpg,0.5761169195175171,0.21194157004356384,0.21194157004356384
id_32dfq1f0fz.jpg,0.3345578908920288,0.4339178800582886,0.2315242439508438
id_349dssqmyx.jpg,0.217220276594162,0.5496578812599182,0.2331218123435974
id_3501x49zk6.jpg,0.2120288908481598,0.5760034918785095,0.21196766197681427
id_35n9wtfzvj.jpg,0.5761169195175171,0.21194157004356384,0.21194157004356384
id_37dlaohacg.jpg,0.5001797080039978,0.27236124873161316,0.22745902836322784
id_38fgveupp6.jpg,0.21224944293498993,0.5757198929786682,0.21203067898750305
id_393toqusi5.jpg,0.5761169195175171,0.21194157004356384,0.21194157004356384
id_398iuyjuiw.jpg,0.5761169195175171,0.21194157004356384,0.21194157004356384
id_3aw1x3lp00.jpg,0.5761169195175171,0.21194157004356384,0.21194157004356384
id_3azjbcsaoz.jpg,0.5761169195175171,0.21194157004356384,0.21194157004356384
id_3b3ittba4m.jpg,0.5761169195175171,0.21194157004356384,0.21194157004356384
id_3bpvokar6a.jpg,0.5760371685028076,0.21196243166923523,0.21200041472911835
id_3bzlx5zdtc.jpg,0.2119417041540146,0.5761167407035828,0.21194161474704742
id_3eis2hodjf.jpg,0.2119777798652649,0.2120203971862793,0.5760018229484558
id_3erzt7e8go.jpg,0.21194155514240265,0.21194155514240265,0.5761168599128723
id_3ffiga0dbm.jpg,0.22078737616539001,0.5301392674446106,0.24907340109348297
id_3hax4hkblt.jpg,0.5761169195175171,0.21194157004356384,0.21194157004356384
id_3hb0jpd195.jpg,0.21195559203624725,0.5760980248451233,0.21194633841514587
id_3k3bngsb0x.jpg,0.3069990575313568,0.22980239987373352,0.4631984829902649
id_3o0cliy66y.jpg,0.5761169195175171,0.21194157004356384,0.21194157004356384
id_3oz6lfl9zh.jpg,0.5757496356964111,0.2120312750339508,0.21221908926963806
id_3pxyuwfequ.jpg,0.5761169195175171,0.21194157004356384,0.21194157004356384
id_3q19pe5ap7.jpg,0.21195471286773682,0.5760834813117981,0.2119618058204651
id_3u167skcbr.jpg,0.5761169195175171,0.21194157004356384,0.21194157004356384
id_3u678if5sa.jpg,0.5761167407035828,0.21194158494472504,0.21194158494472504
id_3utzbj8iwy.jpg,0.5761169195175171,0.21194157004356384,0.21194157004356384
id_3v9lrv6wd1.jpg,0.23124398291110992,0.3321700394153595,0.4365859925746918
id_3xxa7ein98.jpg,0.21194937825202942,0.5761061310768127,0.21194440126419067
id_3yzntalbvj.jpg,0.5756115317344666,0.21233922243118286,0.212049201130867
id_3zpci62t81.jpg,0.21194471418857574,0.5761115550994873,0.21194371581077576
id_3zr7d0lxtp.jpg,0.5761169195175171,0.21194157004356384,0.21194157004356384
id_40tq9ldy97.jpg,0.5761169195175171,0.21194157004356384,0.21194157004356384
id_40x5h1zs7z.jpg,0.22911646962165833,0.22288179397583008,0.548001766204834
id_4227oe5rcg.jpg,0.5761169195175171,0.21194157004356384,0.21194157004356384
id_42eimytwax.jpg,0.2572426199913025,0.5204392671585083,0.22231800854206085
id_46tn6xbbos.jpg,0.23467636108398438,0.4523555636405945,0.31296804547309875
id_46xhul3ffj.jpg,0.21196044981479645,0.5760847330093384,0.21195487678050995
id_497layo6y6.jpg,0.5761169195175171,0.21194157004356384,0.21194157004356384
id_4b2kzejrzs.jpg,0.21194449067115784,0.5761075615882874,0.2119479924440384
id_4c0y67btx0.jpg,0.5761169195175171,0.21194157004356384,0.21194157004356384
id_4c5fsx9t1g.jpg,0.5760758519172668,0.21196962893009186,0.2119544893503189
id_4e4hrr1doy.jpg,0.21194176375865936,0.5761165022850037,0.211941659450531
id_4eokhx4xmu.jpg,0.2126002311706543,0.5730621218681335,0.21433769166469574
id_4eqly7ghcb.jpg,0.5761169195175171,0.21194157004356384,0.21194157004356384
id_4eyre09j24.jpg,0.21194157004356384,0.21194158494472504,0.5761168599128723
id_4ghoez8b3q.jpg,0.2127051204442978,0.5725208520889282,0.2147739827632904
id_4hojjs1sqk.jpg,0.21194657683372498,0.5761047601699829,0.21194876730442047
id_4i6zcdrwkr.jpg,0.2119547426700592,0.5760667324066162,0.2119785100221634
id_4jmwaj5c0z.jpg,0.21194256842136383,0.5761154294013977,0.21194206178188324
id_4lowhbx63p.jpg,0.5396137833595276,0.2199321985244751,0.24045400321483612
id_4nvv0xethp.jpg,0.2119928002357483,0.5760498642921448,0.21195732057094574
id_4p09jwrfcd.jpg,0.5761169195175171,0.21194157004356384,0.21194157004356384
id_4pa7clavwn.jpg,0.5761169195175171,0.21194157004356384,0.21194157004356384
id_4rnqd1qmsb.jpg,0.5761169195175171,0.21194157004356384,0.21194157004356384
id_4t04covpzf.jpg,0.21194180846214294,0.21194255352020264,0.576115608215332
id_4vcmk255mj.jpg,0.5761169195175171,0.21194157004356384,0.21194157004356384
id_4veqvgf276.jpg,0.24607090651988983,0.5337090492248535,0.22022004425525665
id_4xqyedo4gz.jpg,0.5761162638664246,0.21194185316562653,0.21194180846214294
id_4yrf1ograd.jpg,0.34403979778289795,0.42333969473838806,0.232620507478714
id_4zusywq1cj.jpg,0.5761169195175171,0.21194157004356384,0.21194157004356384
id_50uwy9lssr.jpg,0.5761128067970276,0.21194325387477875,0.21194398403167725
id_510uss2kx6.jpg,0.5761169195175171,0.21194157004356384,0.21194157004356384
id_566s519h3g.jpg,0.2119537591934204,0.5760678648948669,0.21197833120822906
id_56ig1njq37.jpg,0.5064084529876709,0.2689778208732605,0.22461380064487457
id_584lgxnpb7.jpg,0.21194157004356384,0.21194158494472504,0.5761168599128723
id_58jg1k3s5r.jpg,0.5761169195175171,0.21194157004356384,0.21194157004356384
id_5c0o7whkhv.jpg,0.2119990438222885,0.5758551359176636,0.2121458649635315
id_5eilypqfff.jpg,0.21194569766521454,0.5761101245880127,0.211944118142128
id_5f20all309.jpg,0.2244747281074524,0.2180105298757553,0.5575147271156311
id_5gn6rtfftv.jpg,0.5761169195175171,0.21194157004356384,0.21194157004356384
id_5gz27g2s4l.jpg,0.5759096741676331,0.2120942920446396,0.2119959443807602
id_5ixtcjsmuz.jpg,0.5760542750358582,0.21199049055576324,0.2119552493095398
id_5k7qvp9fhc.jpg,0.5761169195175171,0.21194157004356384,0.21194157004356384
id_5k7vfi0zc5.jpg,0.5761169195175171,0.21194157004356384,0.21194157004356384
id_5lo7l0y0vb.jpg,0.5761169195175171,0.21194157004356384,0.21194157004356384
id_5lxm7mcsj2.jpg,0.21197257936000824,0.5760720372200012,0.2119554579257965
id_5nkfatffwe.jpg,0.5761169195175171,0.21194157004356384,0.21194157004356384
id_5vqbqpw7qn.jpg,0.21264497935771942,0.5747978687286377,0.21255718171596527
id_5w2fpqgby8.jpg,0.5761129856109619,0.2119443565607071,0.21194273233413696
id_5wcv5ugwhx.jpg,0.21194157004356384,0.21194158494472504,0.5761168599128723
id_5ylgl2empi.jpg,0.5761169195175171,0.21194157004356384,0.21194157004356384
id_60qaklh3mk.jpg,0.21342742443084717,0.5736342668533325,0.21293838322162628
id_61cw521nxd.jpg,0.21194183826446533,0.5761165022850037,0.2119416743516922
id_63btdfqcnj.jpg,0.2119416743516922,0.5761166214942932,0.21194161474704742
id_63pslknc7r.jpg,0.5761169195175171,0.21194157004356384,0.21194157004356384
id_63x62yn6ve.jpg,0.21200217306613922,0.575850784778595,0.21214699745178223
id_648d4t1un5.jpg,0.5761169195175171,0.21194157004356384,0.21194157004356384
id_64a66iflbg.jpg,0.5761167407035828,0.21194161474704742,0.21194162964820862
id_64xo3an59r.jpg,0.5696204900741577,0.21331025660037994,0.21706923842430115
id_6579czllj5.jpg,0.5631080865859985,0.21762827038764954,0.21926358342170715
id_65fiexheye.jpg,0.2133212834596634,0.5743619799613953,0.2123168259859085
id_65igspysof.jpg,0.5754216909408569,0.21244190633296967,0.21213635802268982
id_66bnbmp7o7.jpg,0.5761169195175171,0.21194157004356384,0.21194157004356384
id_66m9y7ilsm.jpg,0.4941207468509674,0.2799196243286133,0.2259596437215805
id_6bkgvuphbg.jpg,0.21530117094516754,0.5712963342666626,0.21340253949165344
id_6bypvyv5vv.jpg,0.21508385241031647,0.5720498561859131,0.21286621689796448
id_6c5hxxj9py.jpg,0.21202446520328522,0.576008141040802,0.21196748316287994
id_6eo3wokp04.jpg,0.5761114358901978,0.21194347739219666,0.2119450569152832
id_6g7fz3ndtp.jpg,0.5761169195175171,0.21194157004356384,0.21194157004356384
id_6jcwemyxc9.jpg,0.5761169195175171,0.21194157004356384,0.21194157004356384
id_6jkdvdcvp3.jpg,0.21194155514240265,0.21194155514240265,0.5761168599128723
id_6luuayw4ih.jpg,0.5734742283821106,0.2140074223279953,0.2125183641910553
id_6mz1zd20su.jpg,0.5761166214942932,0.21194171905517578,0.2119416445493698
id_6olr26yprl.jpg,0.21194307506084442,0.5761143565177917,0.21194249391555786
id_6ovjv98pi2.jpg,0.2296113818883896,0.5539130568504333,0.21647557616233826
id_6r3skclu2k.jpg,0.5761169195175171,0.21194157004356384,0.21194157004356384
id_6r8f1xh0cc.jpg,0.2119513303041458,0.5761010646820068,0.21194756031036377
id_6rn80ow9sl.jpg,0.5759913325309753,0.21203894913196564,0.21196959912776947
id_6rpous9krp.jpg,0.3040177822113037,0.4530956745147705,0.24288654327392578
id_6tjot777fk.jpg,0.5761169195175171,0.21194157004356384,0.21194157004356384
id_6u4wgjbt95.jpg,0.5761169195175171,0.21194157004356384,0.21194157004356384
id_6vk6psro5s.jpg,0.5758816599845886,0.21212616562843323,0.21199218928813934
id_6z1bp84py1.jpg,0.21194657683372498,0.5761074423789978,0.21194595098495483
id_700mwvc0vx.jpg,0.2146645039319992,0.5628376007080078,0.222497820854187
id_70oj3rugky.jpg,0.2827836871147156,0.4911043345928192,0.2261119931936264
id_70qqvj0pii.jpg,0.5761169195175171,0.21194157004356384,0.21194157004356384
id_712bjojv2s.jpg,0.21224480867385864,0.2130456119775772,0.5747095942497253
id_7287yu0tkw.jpg,0.5761169195175171,0.21194157004356384,0.21194157004356384
id_72ky4xkvsp.jpg,0.2119860202074051,0.5760594606399536,0.21195442974567413
id_72zw6mjvgo.jpg,0.2119525969028473,0.5760961174964905,0.2119513601064682
id_73a9naiehr.jpg,0.21289806067943573,0.21548183262348175,0.5716201663017273
id_74359q2hrc.jpg,0.5384666919708252,0.22952675819396973,0.2320065200328827
id_74gu2zkoxj.jpg,0.5761052966117859,0.21194946765899658,0.21194526553153992
id_74i7knnaa6.jpg,0.2274741679430008,0.47892987728118896,0.29359593987464905
id_74qvz0t4fy.jpg,0.5761169195175171,0.21194157004356384,0.21194157004356384
id_74zd0jtvso.jpg,0.21194161474704742,0.21194173395633698,0.576116681098938
id_75pre3joob.jpg,0.21194292604923248,0.576115071773529,0.21194197237491608
id_75vovkuer9.jpg,0.5761164426803589,0.21194180846214294,0.21194174885749817
id_77ijc7wa3j.jpg,0.5761169195175171,0.21194157004356384,0.21194157004356384
id_78v1qy0me7.jpg,0.5761137008666992,0.21194306015968323,0.21194332838058472
id_792bgr58xm.jpg,0.2543048858642578,0.44238463044166565,0.30331048369407654
id_7966xv6p5i.jpg,0.5761169195175171,0.21194157004356384,0.21194157004356384
id_7b4zf930o7.jpg,0.2119416892528534,0.21194200217723846,0.5761163234710693
id_7dx69pxq4g.jpg,0.5761169195175171,0.21194157004356384,0.21194157004356384
id_7eso2apebc.jpg,0.5761169195175171,0.21194157004356384,0.21194157004356384
id_7gs7jffsdm.jpg,0.5761169195175171,0.21194157004356384,0.21194157004356384
id_7htglor42s.jpg,0.21196015179157257,0.5760923624038696,0.21194744110107422
id_7ivw1rdt60.jpg,0.21194344758987427,0.5761141777038574,0.21194244921207428
id_7j622hnfcq.jpg,0.5761154890060425,0.21194246411323547,0.21194204688072205
id_7l69draumk.jpg,0.5761169195175171,0.21194157004356384,0.21194157004356384
id_7mbzttiyjx.jpg,0.22332677245140076,0.5128440856933594,0.2638290822505951
id_7mjwvizaz4.jpg,0.5761166214942932,0.2119416445493698,0.21194173395633698
id_7nt5ym1rab.jpg,0.4854772984981537,0.2556193768978119,0.25890326499938965
id_7nuvwqoznc.jpg,0.5761169195175171,0.21194157004356384,0.21194157004356384
id_7ox9hfrp2p.jpg,0.5761168599128723,0.21194158494472504,0.21194158494472504
id_7piya8u1a5.jpg,0.5761169195175171,0.21194157004356384,0.21194157004356384
id_7qfre8d4gx.jpg,0.5761169195175171,0.21194157004356384,0.21194157004356384
id_7r73s15wdu.jpg,0.5761127471923828,0.21194417774677277,0.21194303035736084
id_7rkfw0pgej.jpg,0.5761169195175171,0.21194157004356384,0.21194157004356384
id_7sseaeewuh.jpg,0.22654400765895844,0.5576725602149963,0.21578349173069
id_7suxzhgr6k.jpg,0.576105535030365,0.2119496762752533,0.21194469928741455
id_7t4t4nuo1y.jpg,0.21207453310489655,0.5759387016296387,0.2119867503643036
id_7troz2ms9w.jpg,0.21195293962955475,0.2119835764169693,0.5760634541511536
id_7urr8falap.jpg,0.5761166214942932,0.2119416743516922,0.211941659450531
id_7wqwcmi8rt.jpg,0.21255584061145782,0.573256254196167,0.2141878455877304
id_7wukxcmpbd.jpg,0.5761169195175171,0.21194157004356384,0.21194157004356384
id_7wvj41qgu8.jpg,0.21207641065120697,0.5759445428848267,0.21197901666164398
id_7y7kizouj3.jpg,0.5761169195175171,0.21194157004356384,0.21194157004356384
id_7z7c7yav4z.jpg,0.21198730170726776,0.5759499669075012,0.21206273138523102
id_7zso8x5txl.jpg,0.21253249049186707,0.2141728550195694,0.5732946395874023
id_80uy76npvy.jpg,0.4494369626045227,0.3203744888305664,0.2301884889602661
id_8285wr8lqi.jpg,0.44922277331352234,0.23121266067028046,0.3195646107196808
id_856sqmfzwg.jpg,0.2119426429271698,0.5761153101921082,0.21194204688072205
id_85x8auxsl3.jpg,0.21214358508586884,0.5752004384994507,0.2126559466123581
id_890agl8zkx.jpg,0.21194158494472504,0.21194157004356384,0.5761168599128723
id_8aximw3gbo.jpg,0.21195581555366516,0.5760576128959656,0.21198655664920807
id_8c4pq31jju.jpg,0.5761160850524902,0.2119418829679489,0.21194198727607727
id_8dbdn90bmg.jpg,0.2178865224123001,0.5685994625091553,0.21351395547389984
id_8fbilb09da.jpg,0.21324104070663452,0.5744250416755676,0.21233396232128143
id_8gyccu6fn0.jpg,0.211950421333313,0.5761045813560486,0.21194493770599365
id_8h2vdiwjnf.jpg,0.5761131048202515,0.21194298565387726,0.21194390952587128
id_8i3h5j0qqd.jpg,0.5761169195175171,0.21194157004356384,0.21194157004356384
id_8iwoos555d.jpg,0.5761169195175171,0.21194157004356384,0.21194157004356384
id_8j9vk5ljpd.jpg,0.21194440126419067,0.576111376285553,0.21194420754909515
id_8jsjliuxmu.jpg,0.5761168003082275,0.21194157004356384,0.21194161474704742
id_8kctxkxhml.jpg,0.21381191909313202,0.5737413763999939,0.21244677901268005
id_8km8v0obx1.jpg,0.21194155514240265,0.21194155514240265,0.5761168599128723
id_8l7f4q4tfu.jpg,0.5761169195175171,0.21194157004356384,0.21194157004356384
id_8mja6ti650.jpg,0.21792343258857727,0.568529486656189,0.21354708075523376
id_8nlg2xb2is.jpg,0.5761149525642395,0.21194283664226532,0.21194219589233398
id_8o5a4nezxp.jpg,0.5761169195175171,0.21194157004356384,0.21194157004356384
id_8odmdfi7iz.jpg,0.2181660532951355,0.23781734704971313,0.5440165400505066
id_8oeekx1062.jpg,0.5710580945014954,0.21349714696407318,0.21544480323791504
id_8qcbpzadoy.jpg,0.2148664891719818,0.2201140969991684,0.565019428730011
id_8u35quh9ds.jpg,0.5761169195175171,0.21194157004356384,0.21194157004356384
id_8u7pccetfi.jpg,0.21194443106651306,0.2119522988796234,0.5761032104492188
id_8x569866pb.jpg,0.5761169195175171,0.21194157004356384,0.21194157004356384
id_8xkrg1bywr.jpg,0.5758412480354309,0.21215686202049255,0.21200187504291534
id_8ycgxgfq0k.jpg,0.5721212029457092,0.21507985889911652,0.21279892325401306
id_8yrscp6yel.jpg,0.21194252371788025,0.5761154890060425,0.21194197237491608
id_90e92xfixp.jpg,0.5760504007339478,0.21199247241020203,0.2119572013616562
id_92arb6rtbu.jpg,0.547306478023529,0.23247447609901428,0.22021906077861786
id_947llr07l1.jpg,0.5761168599128723,0.21194158494472504,0.21194158494472504
id_94ppy8gtdn.jpg,0.5761169195175171,0.21194157004356384,0.21194157004356384
id_95b0liwdh6.jpg,0.5761169195175171,0.21194157004356384,0.21194157004356384
id_95fcfcgs9d.jpg,0.21250702440738678,0.21407398581504822,0.5734190344810486
id_97pniadwxs.jpg,0.2119448035955429,0.5761123895645142,0.21194273233413696
id_9b0tkqic6c.jpg,0.5761169195175171,0.21194157004356384,0.21194157004356384
id_9bayys139l.jpg,0.21194173395633698,0.21194228529930115,0.5761159658432007
id_9bkxkg5uoy.jpg,0.21263767778873444,0.5749383568763733,0.2124239206314087
id_9d8dhe83vo.jpg,0.5758844614028931,0.21211789548397064,0.21199774742126465
id_9ds3juieb3.jpg,0.5760626196861267,0.2119651585817337,0.21197225153446198
id_9f9ptfngd8.jpg,0.5745683908462524,0.21228072047233582,0.21315085887908936
id_9h4oarnpqt.jpg,0.576116144657135,0.21194186806678772,0.2119419276714325
id_9jjb9023hu.jpg,0.21305562555789948,0.5744205713272095,0.21252381801605225
id_9ld00xwmon.jpg,0.5761169195175171,0.21194157004356384,0.21194157004356384
id_9llets503b.jpg,0.21196065843105316,0.5760506391525269,0.21198874711990356
id_9m34n8cvbl.jpg,0.21233294904232025,0.21232779324054718,0.5753393173217773
id_9mgzx3qt4q.jpg,0.5761169195175171,0.21194157004356384,0.21194157004356384
id_9mv2eydufl.jpg,0.38993650674819946,0.3767426908016205,0.23332087695598602
id_9rvnit4tfg.jpg,0.21235889196395874,0.21351128816604614,0.5741297602653503
id_9ttxex3x1n.jpg,0.21194157004356384,0.21194158494472504,0.5761168599128723
id_9tv6ronz0p.jpg,0.21235662698745728,0.5755465626716614,0.21209684014320374
id_9u0y2bplx6.jpg,0.21194300055503845,0.57611483335495,0.21194224059581757
id_9ur6z0mqjz.jpg,0.21194498240947723,0.5761123299598694,0.2119426727294922
id_9vblo6pawj.jpg,0.5761164426803589,0.21194171905517578,0.21194180846214294
id_9w55e1oeq0.jpg,0.22439202666282654,0.5191560983657837,0.25645193457603455
id_9w8geyv8cu.jpg,0.5761167407035828,0.21194161474704742,0.21194161474704742
id_9wlo4kff0i.jpg,0.5761169195175171,0.21194157004356384,0.21194157004356384
id_9x4ntjf2eh.jpg,0.5739187598228455,0.21366529166698456,0.21241597831249237
id_9z91cgtyhs.jpg,0.21457970142364502,0.5633388161659241,0.22208143770694733
id_9zrgq5uefl.jpg,0.5695785880088806,0.21708883345127106,0.21333256363868713
id_a0ts2x3lsv.jpg,0.5761169195175171,0.21194157004356384,0.21194157004356384
id_a1p9xlqr38.jpg,0.5761169195175171,0.21194157004356384,0.21194157004356384
id_a1zi5dpo4s.jpg,0.5761103630065918,0.2119440734386444,0.21194560825824738
id_a5eboqjxsk.jpg,0.5761169195175171,0.21194157004356384,0.21194157004356384
id_a9m30sts7b.jpg,0.5755591988563538,0.212375208735466,0.21206563711166382
id_a9ry0a9y9q.jpg,0.5761169195175171,0.21194157004356384,0.21194157004356384
id_abd0ket6gk.jpg,0.21764323115348816,0.5677086114883423,0.21464821696281433
id_abfj1weg4d.jpg,0.21194228529930115,0.5761157870292664,0.2119419127702713
id_act04m6s7j.jpg,0.21194326877593994,0.2119479477405548,0.5761087536811829
id_adungoii3n.jpg,0.3293299376964569,0.3977254033088684,0.2729445993900299
id_ah065qab4g.jpg,0.21194182336330414,0.21194258332252502,0.5761155486106873
id_ahlsbyn84z.jpg,0.5761169195175171,0.21194157004356384,0.21194157004356384
id_aj2mhyiljl.jpg,0.5761169195175171,0.21194157004356384,0.21194157004356384
id_ajrr2ffz45.jpg,0.21198225021362305,0.5760647654533386,0.21195301413536072
id_ak7by8s6xx.jpg,0.2120475023984909,0.2123362421989441,0.5756162405014038
id_akgn1czug4.jpg,0.21255843341350555,0.2126786857843399,0.5747628808021545
id_almuemp2a0.jpg,0.5717407464981079,0.21537505090236664,0.21288424730300903
id_amrw6zrz3c.jpg,0.21194322407245636,0.5761128067970276,0.21194404363632202
id_an9lszlckm.jpg,0.5761169195175171,0.21194157004356384,0.21194157004356384
id_aoixbpjvvq.jpg,0.2121482491493225,0.21264632046222687,0.5752055048942566
id_apl5hbz964.jpg,0.21196287870407104,0.5760659575462341,0.21197113394737244
id_apmoqofvcn.jpg,0.21195289492607117,0.21194526553153992,0.5761018395423889
id_aprrkmjoli.jpg,0.395906925201416,0.37057119607925415,0.23352190852165222
id_ark2usd7u8.jpg,0.2313423454761505,0.5517892837524414,0.21686838567256927
id_arsg8nwnez.jpg,0.21194632351398468,0.5761029720306396,0.21195073425769806
id_askxpsiynp.jpg,0.5759165287017822,0.21199604868888855,0.21208734810352325
id_at5zd8zdot.jpg,0.5761169195175171,0.21194157004356384,0.21194157004356384
id_au351ozt0u.jpg,0.5761169195175171,0.21194157004356384,0.21194157004356384
id_aubznv8khr.jpg,0.2166108936071396,0.22848738729953766,0.554901659488678
id_avn1ejzmvs.jpg,0.5761169195175171,0.21194157004356384,0.21194157004356384
id_avo9syteav.jpg,0.5761169195175171,0.21194157004356384,0.21194157004356384
id_avp0xvzsef.jpg,0.37211206555366516,0.25171229243278503,0.3761756122112274
id_avy4f1aml0.jpg,0.5761169195175171,0.21194157004356384,0.21194157004356384
id_aw9y79nutx.jpg,0.21194495260715485,0.5761123895645142,0.2119426727294922
id_axlte8dtxc.jpg,0.23012496531009674,0.26148077845573425,0.5083942413330078
id_ay3hzdsf41.jpg,0.5755015015602112,0.2124117612838745,0.21208669245243073
id_b15h3wr363.jpg,0.2119416445493698,0.2119418829679489,0.5761164426803589
id_b19jeif9q2.jpg,0.23101989924907684,0.33167213201522827,0.4373079836368561
id_b38ee2otk3.jpg,0.21467159688472748,0.572340726852417,0.2129877358675003
id_b4m778w81r.jpg,0.5761169195175171,0.21194157004356384,0.21194157004356384
id_b5fn6xymr7.jpg,0.5761169195175171,0.21194157004356384,0.21194157004356384
id_b68zqqxb16.jpg,0.5761169195175171,0.21194157004356384,0.21194157004356384
id_b6guqa4jqp.jpg,0.5761169195175171,0.21194157004356384,0.21194157004356384
id_b9l1y6pkri.jpg,0.5761169195175171,0.21194157004356384,0.21194157004356384
id_bazikoi5h9.jpg,0.5761169195175171,0.21194157004356384,0.21194157004356384
id_bb91jp6pg4.jpg,0.2119443565607071,0.5761132836341858,0.2119424194097519
id_bc5p9me7ku.jpg,0.5761169195175171,0.21194157004356384,0.21194157004356384
id_bce4iyojch.jpg,0.5761169195175171,0.21194157004356384,0.21194157004356384
id_bekoxyehov.jpg,0.5761169195175171,0.21194157004356384,0.21194157004356384
id_bgj44bvut4.jpg,0.5760741233825684,0.21195395290851593,0.21197190880775452
id_bkrke3vo57.jpg,0.5761169195175171,0.21194157004356384,0.21194157004356384
id_blscjxidu6.jpg,0.21904325485229492,0.5584807395935059,0.22247600555419922
id_blx62wltrk.jpg,0.552815318107605,0.216914102435112,0.2302706390619278
id_bmir6gcods.jpg,0.576054573059082,0.21198958158493042,0.21195578575134277
id_bmwp4rr84y.jpg,0.5761169195175171,0.21194157004356384,0.21194157004356384
id_bnyrssm9kj.jpg,0.23190858960151672,0.422317236661911,0.34577423334121704
id_borot9b0dn.jpg,0.5761169195175171,0.21194157004356384,0.21194157004356384
id_bouwtc3thv.jpg,0.5759158134460449,0.21209490299224854,0.21198920905590057
id_bpy1vkc436.jpg,0.21194326877593994,0.5761137008666992,0.21194303035736084
id_bq60p3aqo8.jpg,0.21194157004356384,0.21194158494472504,0.5761168599128723
id_bs01v3crns.jpg,0.5761061310768127,0.21194685995578766,0.2119469791650772
id_bs0rwp1kmc.jpg,0.5761125087738037,0.21194283664226532,0.21194472908973694
id_btc44m5ven.jpg,0.5761168003082275,0.21194157004356384,0.21194161474704742
id_btipo9ojnr.jpg,0.5761167407035828,0.21194158494472504,0.21194159984588623
id_bucgp90ug4.jpg,0.22672507166862488,0.557309091091156,0.2159658819437027
id_bun8uetq9r.jpg,0.5761169195175171,0.21194157004356384,0.21194157004356384
id_bx77h99p3j.jpg,0.21194158494472504,0.2119416892528534,0.576116681098938
id_bxgijj96cq.jpg,0.5711058974266052,0.2158747911453247,0.21301928162574768
id_by3qnznp3v.jpg,0.5728846788406372,0.21294160187244415,0.21417371928691864
id_bybbtlbxoo.jpg,0.2229185700416565,0.25824061036109924,0.5188408493995667
id_byyn5oxwj8.jpg,0.5761166214942932,0.2119417041540146,0.2119416743516922
id_c0atby9mg0.jpg,0.5761168599128723,0.21194157004356384,0.21194158494472504
id_c0iobr5lyv.jpg,0.21232707798480988,0.5748389959335327,0.21283400058746338
id_c30q46dzkg.jpg,0.5761169195175171,0.21194157004356384,0.21194157004356384
id_c3p4zaeafj.jpg,0.21428105235099792,0.5648504495620728,0.22086842358112335
id_c3x8zs9kh3.jpg,0.2161898910999298,0.22846969962120056,0.5553404092788696
id_c6r902u1yc.jpg,0.21200312674045563,0.5759990811347961,0.21199780702590942
id_c8ccb7p1ny.jpg,0.5761168599128723,0.21194157004356384,0.21194158494472504
id_c8zqlaoscm.jpg,0.22541287541389465,0.2664194107055664,0.5081676840782166
id_c996aefk2b.jpg,0.5756850242614746,0.21224766969680786,0.21206724643707275
id_ca1ulb7phu.jpg,0.5761169195175171,0.21194157004356384,0.21194157004356384
id_carqo16fzo.jpg,0.5761169195175171,0.21194157004356384,0.21194157004356384
id_cbrq69l0b7.jpg,0.21215447783470154,0.5758444666862488,0.21200105547904968
id_cc26n7gl0l.jpg,0.36920157074928284,0.3625202775001526,0.26827821135520935
id_cdf888g19t.jpg,0.5761169195175171,0.21194157004356384,0.21194157004356384
id_cdphzwxh66.jpg,0.5761169195175171,0.21194157004356384,0.21194157004356384
id_cguvv909pj.jpg,0.5761157870292664,0.21194225549697876,0.2119419425725937
id_cho3e7kmmf.jpg,0.5761169195175171,0.21194157004356384,0.21194157004356384
id_chyxorazcg.jpg,0.5760650038719177,0.21198205649852753,0.21195293962955475
id_cl2tro0krc.jpg,0.21195265650749207,0.5760937333106995,0.21195359528064728
id_cmo5mn34bk.jpg,0.5716867446899414,0.21485018730163574,0.21346300840377808
id_cmz1pqyyqa.jpg,0.21349865198135376,0.573035478591919,0.2134658545255661
id_cntxv782n4.jpg,0.2119428515434265,0.21194636821746826,0.57611083984375
id_cqbm5ybp7n.jpg,0.573545515537262,0.21391311287879944,0.21254132688045502
id_cr4pbofie3.jpg,0.21233320236206055,0.575614333152771,0.21205249428749084
id_cs7276ypgk.jpg,0.21446985006332397,0.5638052225112915,0.22172486782073975
id_csvb9gfj1x.jpg,0.5093346238136292,0.2665010988712311,0.2241642028093338
id_cvoa3cg9ts.jpg,0.5761169195175171,0.21194157004356384,0.21194157004356384
id_cx1pdelwqg.jpg,0.5761169195175171,0.21194157004356384,0.21194157004356384
id_cx89v8zdf5.jpg,0.212961345911026,0.21576812863349915,0.5712705254554749
id_cxbujzrztd.jpg,0.36637941002845764,0.2389148771762848,0.39470571279525757
id_cyxg6svpq1.jpg,0.5761169195175171,0.21194157004356384,0.21194157004356384
id_cyzjic2qj0.jpg,0.2213859260082245,0.53035968542099,0.2482544630765915
id_cz5uxriepb.jpg,0.5761169195175171,0.21194157004356384,0.21194157004356384
id_d1gzo6e0hj.jpg,0.46565234661102295,0.30543968081474304,0.22890792787075043
id_d2uwba98h4.jpg,0.21194177865982056,0.21194243431091309,0.5761157870292664
id_d3cjyfbkie.jpg,0.5761169195175171,0.21194157004356384,0.21194157004356384
id_d6qf53mzm2.jpg,0.5761017799377441,0.21195197105407715,0.21194617450237274
id_d74qdjo8h9.jpg,0.5761169195175171,0.21194157004356384,0.21194157004356384
id_d7c0hi3hwf.jpg,0.5758344531059265,0.21216221153736115,0.21200336515903473
id_d9xcc459wg.jpg,0.5761169195175171,0.21194157004356384,0.21194157004356384
id_daklqs117p.jpg,0.22020719945430756,0.21415214240550995,0.5656406283378601
id_dblple11hr.jpg,0.5761169195175171,0.21194157004356384,0.21194157004356384
id_ddmx12ft9u.jpg,0.21203827857971191,0.5758273601531982,0.21213439106941223
id_ddrsh911b6.jpg,0.5761169195175171,0.21194157004356384,0.21194157004356384
id_del50nmcl7.jpg,0.21445003151893616,0.5670576691627502,0.21849234402179718
id_detmragq4s.jpg,0.5761169195175171,0.21194157004356384,0.21194157004356384
id_di6wafk673.jpg,0.5761169195175171,0.21194157004356384,0.21194157004356384
id_dibgx1qvt2.jpg,0.5761169195175171,0.21194157004356384,0.21194157004356384
id_dj3f1qlo8i.jpg,0.5759556293487549,0.21206705272197723,0.2119773030281067
id_djuswm9bh4.jpg,0.21198531985282898,0.5759252905845642,0.2120894193649292
id_dkbp68fw0g.jpg,0.21194243431091309,0.5761154294013977,0.21194207668304443
id_dmxy8ool65.jpg,0.2124733179807663,0.21394401788711548,0.573582649230957
id_dn8sz7kp6g.jpg,0.2119753062725067,0.21197062730789185,0.576054036617279
id_do5ngonibi.jpg,0.21197554469108582,0.5760729312896729,0.21195149421691895
id_dqoccypgid.jpg,0.21980273723602295,0.5655313730239868,0.21466590464115143
id_drqjqdgwbr.jpg,0.21194204688072205,0.5761162042617798,0.21194176375865936
id_drx0i4qjoo.jpg,0.5761156678199768,0.21194234490394592,0.21194206178188324
id_dsbrupm1cr.jpg,0.5761168599128723,0.21194157004356384,0.21194162964820862
id_dswv82x2xn.jpg,0.5761097073554993,0.21194668114185333,0.21194355189800262
id_dtkyk51t7d.jpg,0.5760937929153442,0.21195419132709503,0.21195195615291595
id_duo0yh6v3g.jpg,0.2139081060886383,0.5668173432350159,0.21927447617053986
id_dvcbb85xlr.jpg,0.5761169195175171,0.21194157004356384,0.21194157004356384
id_dvr5tk922c.jpg,0.25978073477745056,0.511286199092865,0.22893306612968445
id_dvrwax0ptk.jpg,0.2121044248342514,0.5758661031723022,0.21202944219112396
id_dz5g9suhtw.jpg,0.21194209158420563,0.21194349229335785,0.5761144757270813
id_e0qlh51fu9.jpg,0.5761169195175171,0.21194157004356384,0.21194157004356384
id_e1jrl8ckio.jpg,0.22802263498306274,0.5543252229690552,0.21765217185020447
id_e1prlfbkna.jpg,0.21346943080425262,0.568877100944519,0.21765345335006714
id_e2b4bad2fs.jpg,0.22800202667713165,0.29809752106666565,0.4739004075527191
id_e2cqw2vllh.jpg,0.21628057956695557,0.5571582317352295,0.22656112909317017
id_e2rjq3xl4b.jpg,0.21194849908351898,0.5761074423789978,0.21194405853748322
id_e4id92jojc.jpg,0.5761169195175171,0.21194157004356384,0.21194157004356384
id_e5xd02ur86.jpg,0.5761169195175171,0.21194157004356384,0.21194157004356384
id_e652ocdak4.jpg,0.5761169195175171,0.21194157004356384,0.21194157004356384
id_e6k39e88b4.jpg,0.5761168599128723,0.21194158494472504,0.21194158494472504
id_e7gc2uew96.jpg,0.22612842917442322,0.28266364336013794,0.49120789766311646
id_e88h986b7j.jpg,0.5546960234642029,0.22805674374103546,0.21724723279476166
id_e8vij3aomx.jpg,0.5710015296936035,0.21301013231277466,0.21598835289478302
id_e9uh1mx5x6.jpg,0.21255618333816528,0.5752948522567749,0.21214891970157623
id_ecvgtyw1zc.jpg,0.21194776892662048,0.5761080980300903,0.21194413304328918
id_edfet6aiir.jpg,0.5761169195175171,0.21194157004356384,0.21194157004356384
id_efcc8cqlws.jpg,0.21195566654205322,0.21199394762516022,0.5760504007339478
id_efjpvf6ooh.jpg,0.22243933379650116,0.522013247013092,0.255547434091568
id_eg1tfifjeq.jpg,0.5760256052017212,0.21200686693191528,0.21196751296520233
id_egxnoy01ts.jpg,0.21217156946659088,0.5757502317428589,0.21207816898822784
id_ei7966665t.jpg,0.5761169195175171,0.21194157004356384,0.21194157004356384
id_eimc4saxzn.jpg,0.576103925704956,0.21194514632225037,0.21195091307163239
id_ejcg1mhr5c.jpg,0.21196818351745605,0.5760788321495056,0.2119530290365219
id_el7ue70uej.jpg,0.5759411454200745,0.2119811624288559,0.21207766234874725
id_emeryr8qky.jpg,0.5760952234268188,0.21195749938488007,0.21194735169410706
id_enpt3c9mep.jpg,0.2119421362876892,0.5761160254478455,0.21194176375865936
id_ep446lk61d.jpg,0.5761169195175171,0.21194157004356384,0.21194157004356384
id_esdbbgwidn.jpg,0.21194157004356384,0.21194162964820862,0.5761168003082275
id_etfht8f6a2.jpg,0.21194493770599365,0.5761111378669739,0.21194392442703247
id_ewak96titm.jpg,0.5761169195175171,0.21194157004356384,0.21194157004356384
id_exbcejid16.jpg,0.5761169195175171,0.21194157004356384,0.21194157004356384
id_exx29m2f5j.jpg,0.5761169195175171,0.21194157004356384,0.21194157004356384
id_exyqtbcoxl.jpg,0.5484579205513,0.23397424817085266,0.21756787598133087
id_eyen48qlhc.jpg,0.5761169195175171,0.21194157004356384,0.21194157004356384
id_ezkj6zgrre.jpg,0.2119419127702713,0.5761162042617798,0.2119419127702713
id_f0rirecsn9.jpg,0.5761165618896484,0.2119416445493698,0.21194176375865936
id_f24poeux0q.jpg,0.5747807621955872,0.21269814670085907,0.21252110600471497
id_f26ltr4l28.jpg,0.5761169195175171,0.21194157004356384,0.21194157004356384
id_f3vj2zfokq.jpg,0.576116144657135,0.21194197237491608,0.21194186806678772
id_f47g7y9ot2.jpg,0.23663125932216644,0.21794393658638,0.5454248785972595
id_f4fi9o3le6.jpg,0.21194228529930115,0.5761157870292664,0.21194185316562653
id_f5adctkdqm.jpg,0.21196404099464417,0.21198728680610657,0.5760486125946045
id_f6337bv7g3.jpg,0.5761169195175171,0.21194157004356384,0.21194157004356384
id_f6gpnjnflw.jpg,0.21194183826446533,0.211941659450531,0.5761165022850037
id_f7sd78r9w0.jpg,0.21194761991500854,0.5761080384254456,0.21194438636302948
id_f7u2i6v3p1.jpg,0.5617430210113525,0.22267977893352509,0.21557722985744476
id_f8omw0t1gf.jpg,0.5761169195175171,0.21194157004356384,0.21194157004356384
id_f94x3kmvyu.jpg,0.2120116949081421,0.5760231614112854,0.2119651436805725
id_f9wa31xwh0.jpg,0.5761169195175171,0.21194157004356384,0.21194157004356384
id_f9xzi2577a.jpg,0.2119428515434265,0.5761151909828186,0.21194203197956085
id_fae51s7h45.jpg,0.5761129856109619,0.2119426280260086,0.2119443714618683
id_falxfhtpdw.jpg,0.5761169195175171,0.21194157004356384,0.21194157004356384
id_fdal71yl52.jpg,0.21208927035331726,0.5759257674217224,0.2119850069284439
id_ffs12vyhkw.jpg,0.22500735521316528,0.21655473113059998,0.5584378838539124
id_fg13uzygdz.jpg,0.21194206178188324,0.21194350719451904,0.5761144161224365
id_fgedgzq6ev.jpg,0.21194253861904144,0.5761147737503052,0.2119426429271698
id_fi9cn5vrtj.jpg,0.21243403851985931,0.575482964515686,0.21208304166793823
id_fiqduhapcz.jpg,0.5624209046363831,0.22269754111766815,0.2148815244436264
id_fj1r8bdghm.jpg,0.21194158494472504,0.2119416445493698,0.5761167407035828
id_fj7md3zas2.jpg,0.3878955841064453,0.3645816743373871,0.24752281606197357
id_fkkb5dcuig.jpg,0.5761169195175171,0.21194157004356384,0.21194157004356384
id_fl3t3nfzml.jpg,0.21274042129516602,0.21496807038784027,0.5722914934158325
id_fo95m3q1x7.jpg,0.5761168003082275,0.21194159984588623,0.21194157004356384
id_fq6blx7mhi.jpg,0.21194155514240265,0.21194155514240265,0.5761168599128723
id_fqj7ulkrw7.jpg,0.21194307506084442,0.5761143565177917,0.21194256842136383
id_fqq8i9eaqq.jpg,0.21542127430438995,0.571688175201416,0.2128906100988388
id_fr37b0ekxk.jpg,0.22457747161388397,0.25735580921173096,0.5180666446685791
id_fse2430d0l.jpg,0.5761121511459351,0.2119448333978653,0.21194298565387726
id_fsybyty8h5.jpg,0.5761169195175171,0.21194157004356384,0.21194157004356384
id_fusrwqj2hq.jpg,0.21428261697292328,0.5730666518211365,0.21265076100826263
id_fvpfi4xmot.jpg,0.5761169195175171,0.21194157004356384,0.21194157004356384
id_fxphky513b.jpg,0.21194343268871307,0.576111376285553,0.21194523572921753
id_fzpcrlzhul.jpg,0.21272839605808258,0.21244819462299347,0.5748233795166016
id_g1eq7wvrt8.jpg,0.5761169195175171,0.21194157004356384,0.21194157004356384
id_g3xn35cghp.jpg,0.21200107038021088,0.5760354399681091,0.2119634449481964
id_g4ug9vqbd5.jpg,0.5761169195175171,0.21194157004356384,0.21194157004356384
id_gb596fx9gc.jpg,0.21194182336330414,0.5761163830757141,0.21194173395633698
id_gbmfakbcdl.jpg,0.5739832520484924,0.21257372200489044,0.21344304084777832
id_gexbz8xbbp.jpg,0.21773310005664825,0.23572005331516266,0.5465468764305115
id_gfg2gev6my.jpg,0.5015165209770203,0.2729374170303345,0.22554604709148407
id_gfktmz0qeh.jpg,0.21194157004356384,0.21194158494472504,0.5761168599128723
id_gjloe548h5.jpg,0.4622761905193329,0.3085044026374817,0.22921940684318542
id_gkzx64iwyd.jpg,0.5761169195175171,0.21194157004356384,0.21194157004356384
id_gmgxcrq2t7.jpg,0.5760990381240845,0.21195253729820251,0.2119484543800354
id_gnl5bn3rn6.jpg,0.21413618326187134,0.5733194351196289,0.21254445612430573
id_goucryjdwq.jpg,0.21941328048706055,0.5376044511795044,0.24298226833343506
id_gp4vo6ez94.jpg,0.5761169195175171,0.21194157004356384,0.21194157004356384
id_gq1466j51f.jpg,0.5760379433631897,0.21199893951416016,0.21196313202381134
id_gqqyudghzn.jpg,0.5761162638664246,0.21194195747375488,0.21194177865982056
id_gqwmw1xp1u.jpg,0.49336302280426025,0.226259246468544,0.2803777754306793
id_gsdskbip59.jpg,0.21391816437244415,0.5691755414009094,0.21690629422664642
id_gse4bshs1a.jpg,0.21194155514240265,0.21194155514240265,0.5761168599128723
id_gsplbfqt1e.jpg,0.5761167407035828,0.2119416445493698,0.2119416445493698
id_gv448jdur1.jpg,0.21194344758987427,0.576113224029541,0.21194326877593994
id_h283ew9pks.jpg,0.21195243299007416,0.5760961174964905,0.21195140480995178
id_h2i1p2cyli.jpg,0.5761169195175171,0.21194157004356384,0.21194157004356384
id_h317b8qvv6.jpg,0.21194413304328918,0.5761133432388306,0.21194249391555786
id_h35g3ky6pr.jpg,0.21288278698921204,0.2155156433582306,0.5716016292572021
id_hc8iljg6yo.jpg,0.5761167407035828,0.21194162964820862,0.21194161474704742
id_hcmn4gh7z6.jpg,0.5761169195175171,0.21194157004356384,0.21194157004356384
id_hcsn3irehh.jpg,0.5761169195175171,0.21194157004356384,0.21194157004356384
id_hfa3z6tgwk.jpg,0.21194231510162354,0.2119443118572235,0.5761134028434753
id_hfe19yb7ej.jpg,0.5760937333106995,0.21195897459983826,0.21194733679294586
id_hgdbjm7371.jpg,0.5761169195175171,0.21194157004356384,0.21194157004356384
id_hi22zpzttf.jpg,0.5761169195175171,0.21194157004356384,0.21194157004356384
id_higuw25bka.jpg,0.21269263327121735,0.5751544237136841,0.212152898311615
id_hiht8zpw6y.jpg,0.5761169195175171,0.21194157004356384,0.21194157004356384
id_hni7m73rw2.jpg,0.21203993260860443,0.5758668780326843,0.21209320425987244
id_hnqkt8oxu2.jpg,0.5761169195175171,0.21194157004356384,0.21194157004356384
id_hoex385mr8.jpg,0.21194161474704742,0.21194174885749817,0.576116681098938
id_hrn0dpvzrd.jpg,0.21194155514240265,0.21194155514240265,0.5761168599128723
id_hruzjdkra1.jpg,0.5761169195175171,0.21194157004356384,0.21194157004356384
id_hssgsuxl0q.jpg,0.5761169195175171,0.21194157004356384,0.21194157004356384
id_htx4azs6ls.jpg,0.5761169195175171,0.21194157004356384,0.21194157004356384
id_hudg4kgstg.jpg,0.2120971381664276,0.575706958770752,0.21219584345817566
id_hup2etcyum.jpg,0.2119423747062683,0.5761157274246216,0.2119419276714325
id_hwhrkqdxjz.jpg,0.2119445651769638,0.5761129856109619,0.21194253861904144
id_hwm1vf4ddd.jpg,0.2221333533525467,0.2579047679901123,0.5199618339538574
id_i1gmtoe1h9.jpg,0.21194197237491608,0.576116144657135,0.21194186806678772
id_i2sksjcifv.jpg,0.21203827857971191,0.5758273601531982,0.21213439106941223
id_i3fsnogh5m.jpg,0.23203447461128235,0.5473181009292603,0.2206474244594574
id_i4nn7mnpus.jpg,0.5759295225143433,0.21208302676677704,0.2119874358177185
id_i5abphac7v.jpg,0.5761169195175171,0.21194157004356384,0.21194157004356384
id_i6c9umw8sn.jpg,0.27251848578453064,0.4881656765937805,0.23931583762168884
id_i6rzq0vi43.jpg,0.5702460408210754,0.21319317817687988,0.2165607511997223
id_i81ayuiv6u.jpg,0.2119431346654892,0.21194742619991302,0.5761094093322754
id_i8eoisybxv.jpg,0.5761169195175171,0.21194157004356384,0.21194157004356384
id_ianx9b8tiy.jpg,0.5761169195175171,0.21194157004356384,0.21194157004356384
id_iap17yol68.jpg,0.21202902495861053,0.21226899325847626,0.5757020115852356
id_ibhb4afjv9.jpg,0.21194155514240265,0.21194155514240265,0.5761168599128723
id_idptvpe36v.jpg,0.2134196013212204,0.5741674304008484,0.212413027882576
id_ifboregp9u.jpg,0.5761163830757141,0.2119418978691101,0.21194179356098175
id_ifqwwkaiei.jpg,0.5761167407035828,0.21194158494472504,0.21194161474704742
id_igdfxxyfsu.jpg,0.5761166214942932,0.2119416743516922,0.2119416445493698
id_ih5nvehfkl.jpg,0.5761151909828186,0.21194279193878174,0.21194198727607727
id_ii2y55xu9u.jpg,0.5761169195175171,0.21194157004356384,0.21194157004356384
id_iihyl0w2dk.jpg,0.5761168599128723,0.21194158494472504,0.21194158494472504
id_iizqm4nkxh.jpg,0.21194161474704742,0.21194173395633698,0.576116681098938
id_ikihlt6xjs.jpg,0.5761169195175171,0.21194157004356384,0.21194157004356384
id_im66qymqnu.jpg,0.5705481171607971,0.21346232295036316,0.2159896194934845
id_immgoa1u25.jpg,0.575899600982666,0.21208718419075012,0.21201324462890625
id_inoi7ud9bt.jpg,0.2119458168745041,0.5761110782623291,0.21194303035736084
id_inox4crld4.jpg,0.21195027232170105,0.5761011838912964,0.21194849908351898
id_ioeltwwdfm.jpg,0.21197228133678436,0.21205557882785797,0.5759721398353577
id_iom63fwkpf.jpg,0.21196381747722626,0.5760417580604553,0.21199442446231842
id_ipaerj0ehn.jpg,0.5761169195175171,0.21194157004356384,0.21194157004356384
id_ipwqvv84dt.jpg,0.21278466284275055,0.5750356912612915,0.21217961609363556
id_irm15i7xl5.jpg,0.5761169195175171,0.21194157004356384,0.21194157004356384
id_irv1v3m76m.jpg,0.2299654483795166,0.45267024636268616,0.31736424565315247
id_iryz97ll9y.jpg,0.5748714208602905,0.2128741443157196,0.21225446462631226
id_isyh6ku6sl.jpg,0.2119533121585846,0.21198487281799316,0.5760618448257446
id_it0rzf0hgx.jpg,0.21916699409484863,0.538568913936615,0.2422640472650528
id_it6sxlhgr4.jpg,0.21194177865982056,0.5761166214942932,0.2119416743516922
id_itzrgxgyio.jpg,0.5761169195175171,0.21194157004356384,0.21194157004356384
id_ivjhsm7cz3.jpg,0.23640061914920807,0.2721046209335327,0.491494745016098
id_iwh76wfcek.jpg,0.5760840773582458,0.211961567401886,0.2119542807340622
id_iwvfcymq9k.jpg,0.23776158690452576,0.5125702619552612,0.2496681809425354
id_ixohx0x7fx.jpg,0.21194158494472504,0.211941659450531,0.5761167407035828
id_iz5cbv0k1r.jpg,0.5761169195175171,0.21194157004356384,0.21194157004356384
id_j13u6s5efv.jpg,0.5761063694953918,0.21194927394390106,0.2119443267583847
id_j24l5grdx8.jpg,0.5761169195175171,0.21194157004356384,0.21194157004356384
id_j3568trarc.jpg,0.5761169195175171,0.21194157004356384,0.21194157004356384
id_j770ua3qw3.jpg,0.5383766889572144,0.2317495346069336,0.22987376153469086
id_j9vqx1xxjd.jpg,0.21194399893283844,0.5761115550994873,0.2119445502758026
id_jat5ystlf4.jpg,0.5761169195175171,0.21194157004356384,0.21194157004356384
id_jbo4bwxjyv.jpg,0.3453861474990845,0.4227379858493805,0.23187586665153503
id_jc7x3u6jzq.jpg,0.5761169195175171,0.21194157004356384,0.21194157004356384
id_jcld4apors.jpg,0.2320612370967865,0.35067644715309143,0.41726231575012207
id_jdgto3xkkw.jpg,0.21363753080368042,0.5682419538497925,0.21812057495117188
id_jf35ye8yyu.jpg,0.2355164736509323,0.5462396740913391,0.2182437926530838
id_jg82ghmuqk.jpg,0.5761166214942932,0.2119417041540146,0.211941659450531
id_ji9d6406fm.jpg,0.5761169195175171,0.21194157004356384,0.21194157004356384
id_jir9ukg4k6.jpg,0.22153125703334808,0.5256184339523315,0.25285038352012634
id_jl0zs4392j.jpg,0.23054009675979614,0.45011723041534424,0.31934258341789246
id_jmug08j2dx.jpg,0.5761169195175171,0.21194157004356384,0.21194157004356384
id_joluroir8v.jpg,0.21244506537914276,0.5754672884941101,0.21208761632442474
id_jpzdade8hn.jpg,0.5761169195175171,0.21194157004356384,0.21194157004356384
id_jq20cab2em.jpg,0.5761169195175171,0.21194157004356384,0.21194157004356384
id_jt6ejdwsaa.jpg,0.5756608843803406,0.21229232847690582,0.21204684674739838
id_jtfnfvf2qv.jpg,0.5686903595924377,0.2144046574831009,0.21690502762794495
id_jtz76x52jp.jpg,0.21272848546504974,0.21235518157482147,0.5749163627624512
id_jva140h7wl.jpg,0.3458109200000763,0.4218437671661377,0.2323453426361084
id_jyt1do8d3r.jpg,0.5761169195175171,0.21194157004356384,0.21194157004356384
id_jz5v7tbbo5.jpg,0.5761165022850037,0.21194179356098175,0.21194173395633698
id_jzw08xfv6p.jpg,0.21194182336330414,0.21194258332252502,0.5761155486106873
id_k06dsv2byl.jpg,0.5761153101921082,0.21194252371788025,0.21194207668304443
id_k137xcbea9.jpg,0.5761162042617798,0.2119418978691101,0.21194186806678772
id_k1647qf4se.jpg,0.21194158494472504,0.2119416445493698,0.5761167407035828
id_k1ple8xw7k.jpg,0.43375295400619507,0.3067294657230377,0.25951752066612244
id_k286pi6nmr.jpg,0.21697594225406647,0.5697331428527832,0.21329094469547272
id_k4d4kbx7yh.jpg,0.5761157870292664,0.21194225549697876,0.21194197237491608
id_k5akvyy5h9.jpg,0.21195346117019653,0.2119852602481842,0.5760613083839417
id_k64822af5l.jpg,0.39538508653640747,0.2666982114315033,0.33791670203208923
id_k67n77588b.jpg,0.5761123895645142,0.2119443118572235,0.2119433730840683
id_k7eur6kpbx.jpg,0.21197031438350677,0.5760717391967773,0.2119579315185547
id_k8jmmhh99t.jpg,0.21205049753189087,0.5759757161140442,0.21197374165058136
id_k8knp8lm11.jpg,0.5761169195175171,0.21194157004356384,0.21194157004356384
id_k8ldaf6iji.jpg,0.5761169195175171,0.21194157004356384,0.21194157004356384
id_k9u4k0s7zw.jpg,0.21195361018180847,0.2119503617286682,0.5760959982872009
id_kac6myb4rp.jpg,0.576111376285553,0.21194526553153992,0.2119433432817459
id_kagc4maon9.jpg,0.2119423896074295,0.5761156678199768,0.21194200217723846
id_kcxpnf02ra.jpg,0.5761167407035828,0.21194162964820862,0.21194159984588623
id_kd37zpjtqn.jpg,0.21226266026496887,0.21314622461795807,0.5745911002159119
id_kddeefsm3e.jpg,0.5761141777038574,0.21194341778755188,0.21194247901439667
id_kdnmofmnkg.jpg,0.5761169195175171,0.21194157004356384,0.21194157004356384
id_kegjaspgx8.jpg,0.24516716599464417,0.5338606834411621,0.2209722399711609
id_keiqprscwm.jpg,0.21325571835041046,0.5744203329086304,0.21232397854328156
id_kez0xk5n6x.jpg,0.2119423896074295,0.5761156678199768,0.21194197237491608
id_kg4zhrp0l8.jpg,0.5761169195175171,0.21194157004356384,0.21194157004356384
id_kgmhntdh16.jpg,0.21198157966136932,0.5760645270347595,0.21195381879806519
id_khqae1m4o6.jpg,0.5761169195175171,0.21194157004356384,0.21194157004356384
id_kidt6ecu2q.jpg,0.5761169195175171,0.21194157004356384,0.21194157004356384
id_kj5t8u1bo4.jpg,0.21194228529930115,0.5761145353317261,0.2119431346654892
id_kj9trdlawq.jpg,0.5413909554481506,0.22204041481018066,0.2365686148405075
id_kjjjs4s0wb.jpg,0.576116144657135,0.21194201707839966,0.21194185316562653
id_kkhk81dpbq.jpg,0.5761169195175171,0.21194157004356384,0.21194157004356384
id_kkr3bzscyw.jpg,0.5729272365570068,0.21437080204486847,0.21270202100276947
id_klh92u4wji.jpg,0.5761169195175171,0.21194157004356384,0.21194157004356384
id_kn9xftvrnn.jpg,0.5761169195175171,0.21194157004356384,0.21194157004356384
id_knzf9k8t6z.jpg,0.5761169195175171,0.21194157004356384,0.21194157004356384
id_kor62boy63.jpg,0.5761169195175171,0.21194157004356384,0.21194157004356384
id_kp1oc62sv6.jpg,0.5761169195175171,0.21194157004356384,0.21194157004356384
id_kphfc1xvjm.jpg,0.4264454245567322,0.3416481018066406,0.23190641403198242
id_kps04br8xx.jpg,0.21233993768692017,0.2129843384027481,0.5746757388114929
id_kr4micn1pa.jpg,0.41436660289764404,0.3530856966972351,0.23254771530628204
id_krdrytjgoq.jpg,0.21194155514240265,0.21194155514240265,0.5761168599128723
id_ksr4ggwh8f.jpg,0.252051442861557,0.5267847776412964,0.22116373479366302
id_ktg97eo3b7.jpg,0.5761120915412903,0.21194469928741455,0.21194316446781158
id_ktifutackp.jpg,0.5761164426803589,0.21194186806678772,0.2119416743516922
id_ku16t864ke.jpg,0.5761169195175171,0.21194157004356384,0.21194157004356384
id_kuk3hptm3d.jpg,0.21194161474704742,0.5761168003082275,0.21194157004356384
id_kw3e0h0qo0.jpg,0.2119429111480713,0.21194659173488617,0.5761104822158813
id_kw5a95jiyw.jpg,0.574481725692749,0.21304789185523987,0.21247035264968872
id_kwevugay3c.jpg,0.2119741439819336,0.5760737657546997,0.2119521200656891
id_l0wsj10x2s.jpg,0.21194221079349518,0.21194393932819366,0.5761138796806335
id_l2cgrkhmzl.jpg,0.21194155514240265,0.21194155514240265,0.5761168599128723
id_l2wjciy2k9.jpg,0.21202751994132996,0.576005220413208,0.2119673192501068
id_l3j0xm05w3.jpg,0.5761157870292664,0.21194212138652802,0.2119421511888504
id_l613kk54tv.jpg,0.5761169195175171,0.21194157004356384,0.21194157004356384
id_l65bow7k1p.jpg,0.21194249391555786,0.5761154294013977,0.21194206178188324
id_l70nmhf28x.jpg,0.21663345396518707,0.570145845413208,0.21322068572044373
id_l84qvfs79z.jpg,0.21526998281478882,0.5718923211097717,0.21283774077892303
id_l8cdsmu0pd.jpg,0.5761169195175171,0.21194157004356384,0.21194157004356384
id_lapii0xyip.jpg,0.5111551284790039,0.26519036293029785,0.22365446388721466
id_lbjlqtfqnu.jpg,0.576116681098938,0.2119416892528534,0.21194158494472504
id_lbqdy2fu1g.jpg,0.211952343583107,0.5761013031005859,0.21194636821746826
id_lc3j081r9f.jpg,0.5761169195175171,0.21194157004356384,0.21194157004356384
id_lchpusu9hv.jpg,0.5761013031005859,0.2119522988796234,0.21194641292095184
id_ld9azbrkn0.jpg,0.2140580266714096,0.5734299421310425,0.2125120759010315
id_le0b7a02hg.jpg,0.5761169195175171,0.21194157004356384,0.21194157004356384
id_lfz4f0u3hl.jpg,0.5761169195175171,0.21194157004356384,0.21194157004356384
id_lh6c61f5cd.jpg,0.5761169195175171,0.21194157004356384,0.21194157004356384
id_lhb8r8cqll.jpg,0.21559278666973114,0.5627431869506836,0.22166411578655243
id_lmj087tm0f.jpg,0.21194417774677277,0.576113224029541,0.21194268763065338
id_lmxozg8vh1.jpg,0.5553117990493774,0.22855719923973083,0.21613094210624695
id_ln1lgvlclh.jpg,0.5761169195175171,0.21194157004356384,0.21194157004356384
id_lox3edb73y.jpg,0.5757315754890442,0.21224194765090942,0.21202650666236877
id_lpf5rf5cef.jpg,0.5761169195175171,0.21194157004356384,0.21194157004356384
id_lr01knxejc.jpg,0.5761167407035828,0.21194161474704742,0.2119417041540146
id_lre8xfj5a5.jpg,0.2125551551580429,0.5732643604278564,0.21418055891990662
id_lupvfru1s3.jpg,0.5761157870292664,0.2119419127702713,0.21194228529930115
id_lvihm9ksl3.jpg,0.5761169195175171,0.21194157004356384,0.21194157004356384
id_lvnaamsyes.jpg,0.5761100053787231,0.21194390952587128,0.21194607019424438
id_lvu5creqox.jpg,0.5761169195175171,0.21194157004356384,0.21194157004356384
id_lx3fzn27ya.jpg,0.5761167407035828,0.2119416445493698,0.21194161474704742
id_lyzus2duc9.jpg,0.5761167407035828,0.21194158494472504,0.21194158494472504
id_m08l0bla1p.jpg,0.5761169195175171,0.21194157004356384,0.21194157004356384
id_m0btlwtdyj.jpg,0.21201014518737793,0.5758559107780457,0.21213394403457642
id_m13laeeafg.jpg,0.2137618213891983,0.5738070011138916,0.2124311774969101
id_m1kfohhpam.jpg,0.5761169195175171,0.21194157004356384,0.21194157004356384
id_m3dj7pcsfm.jpg,0.2119549810886383,0.57609623670578,0.21194873750209808
id_m4jaqnvn4e.jpg,0.22570660710334778,0.27728572487831116,0.4970076382160187
id_m6zfhhia8f.jpg,0.21194306015968323,0.21194720268249512,0.5761097073554993
id_m7symjqnxf.jpg,0.2119433879852295,0.5761107206344604,0.2119458168745041
id_m9iq8hfhmn.jpg,0.5761169195175171,0.21194157004356384,0.21194157004356384
id_madejx2dsj.jpg,0.5093620419502258,0.2557068169116974,0.23493115603923798
id_mcfzxboyyi.jpg,0.21195544302463531,0.5760979056358337,0.21194666624069214
id_meaye9157o.jpg,0.2133546620607376,0.2173374742269516,0.569307804107666
id_mi7nha96fs.jpg,0.5761169195175171,0.21194157004356384,0.21194157004356384
id_miqvo2w7sn.jpg,0.5603322982788086,0.22436295449733734,0.2153046876192093
id_mjhv8d9dvy.jpg,0.5761169195175171,0.21194157004356384,0.21194157004356384
id_ml4dl8w166.jpg,0.2120206356048584,0.5759892463684082,0.21199019253253937
id_ml6n0ko1v7.jpg,0.21216529607772827,0.2126394361257553,0.5751952528953552
id_mmi9s5q2mv.jpg,0.5761169195175171,0.21194157004356384,0.21194157004356384
id_mo3bdi0ypm.jpg,0.5665116310119629,0.21953675150871277,0.21395157277584076
id_mokkj027bd.jpg,0.5716082453727722,0.21549290418624878,0.21289882063865662
id_mor6m75cmr.jpg,0.5760998725891113,0.2119457721710205,0.21195438504219055
id_mpcuoyvsqq.jpg,0.5760268568992615,0.21200904250144958,0.21196410059928894
id_mq9704t67z.jpg,0.576116144657135,0.21194204688072205,0.21194177865982056
id_mqnbanp0gs.jpg,0.21203827857971191,0.5758273601531982,0.21213439106941223
id_mqz6zwqb19.jpg,0.21194155514240265,0.21194155514240265,0.5761168599128723
id_mrjmlw7bim.jpg,0.5761058330535889,0.21194450557231903,0.2119496911764145
id_mruj8kcxvq.jpg,0.2475956231355667,0.3515182137489319,0.400886207818985
id_msy5wmjs0c.jpg,0.21194979548454285,0.5760855078697205,0.2119647115468979
id_mtvik21wb4.jpg,0.2302316278219223,0.4490942060947418,0.32067418098449707
id_muy3sik0t3.jpg,0.5761169195175171,0.21194157004356384,0.21194157004356384
id_mwtb56vqrl.jpg,0.21196608245372772,0.21203161776065826,0.576002299785614
id_myal68lj94.jpg,0.5761163830757141,0.21194183826446533,0.21194173395633698
id_n0x5st1b03.jpg,0.2540501356124878,0.5204488635063171,0.22550103068351746
id_n3eoeebe44.jpg,0.5761169195175171,0.21194157004356384,0.21194157004356384
id_n4o5bhml2e.jpg,0.2119416445493698,0.2119418978691101,0.5761164426803589
id_n92kd0fyhy.jpg,0.21194161474704742,0.2119417041540146,0.5761167407035828
id_na7j7fjjo2.jpg,0.5682777166366577,0.21799136698246002,0.21373091638088226
id_ne6li8rhp1.jpg,0.21194176375865936,0.5761165022850037,0.211941659450531
id_nemier4hyh.jpg,0.21212413907051086,0.5758768320083618,0.21199899911880493
id_nf4i1zkwzw.jpg,0.22829705476760864,0.50741046667099,0.26429247856140137
id_nk0q1tl98l.jpg,0.21194158494472504,0.2119416892528534,0.576116681098938
id_nk1if6d55n.jpg,0.5761169195175171,0.21194157004356384,0.21194157004356384
id_nklzok5d8k.jpg,0.5761169195175171,0.21194157004356384,0.21194157004356384
id_nn1llkv5gv.jpg,0.2123597115278244,0.574272096157074,0.21336820721626282
id_nnufk51f82.jpg,0.23003365099430084,0.45233258605003357,0.31763380765914917
id_nodua32bev.jpg,0.2869262993335724,0.22662679851055145,0.48644691705703735
id_noq73td865.jpg,0.21339763700962067,0.5726563334465027,0.21394608914852142
id_np3eck4ztu.jpg,0.22689758241176605,0.28819236159324646,0.4849100410938263
id_npob4lecs8.jpg,0.2119472622871399,0.5761083960533142,0.21194440126419067
id_nq7a83plut.jpg,0.5761169195175171,0.21194157004356384,0.21194157004356384
id_nr0y6saehj.jpg,0.576113224029541,0.2119433730840683,0.21194349229335785
id_nr3m89kokp.jpg,0.21198734641075134,0.576056182384491,0.21195650100708008
id_nr47vmf0y6.jpg,0.5761169195175171,0.21194157004356384,0.21194157004356384
id_nradve23p3.jpg,0.2586196959018707,0.5151116251945496,0.2262686938047409
id_nrhzrkxu90.jpg,0.21200136840343475,0.5760391354560852,0.21195945143699646
id_ns1z8jq194.jpg,0.21194155514240265,0.21194155514240265,0.5761168599128723
id_ns220uzcsi.jpg,0.5760934352874756,0.21195638179779053,0.2119501233100891
id_ntps3uhxsl.jpg,0.2749510407447815,0.49848634004592896,0.22656261920928955
id_nvepupqkuu.jpg,0.5761169195175171,0.21194157004356384,0.21194157004356384
id_nx75sns47n.jpg,0.5761167407035828,0.21194158494472504,0.21194158494472504
id_nxyktb0riq.jpg,0.34005436301231384,0.38434121012687683,0.2756044566631317
id_o02okrgkei.jpg,0.5761169195175171,0.21194157004356384,0.21194157004356384
id_o40xq2l8vb.jpg,0.23333077132701874,0.5095756649971008,0.257093608379364
id_o6brmp5kkp.jpg,0.21194346249103546,0.21194878220558167,0.5761077404022217
id_o7xwecuwbg.jpg,0.21194374561309814,0.5761138200759888,0.2119424045085907
id_o92bfuokl9.jpg,0.5682560205459595,0.21759851276874542,0.2141454815864563
id_oait28jynd.jpg,0.5761169195175171,0.21194157004356384,0.21194157004356384
id_oarwlp7sl8.jpg,0.5761169195175171,0.21194157004356384,0.21194157004356384
id_ob08w0ebm1.jpg,0.5760998129844666,0.2119532823562622,0.21194691956043243
id_ob71w2bnop.jpg,0.22296114265918732,0.5499611496925354,0.2270776927471161
id_obzycw4cg5.jpg,0.2123633772134781,0.5741491913795471,0.2134874314069748
id_ogbefjp72r.jpg,0.2791309654712677,0.2275693714618683,0.4932997226715088
id_oh2que39wy.jpg,0.5754858255386353,0.2123396098613739,0.21217453479766846
id_oh94ko477a.jpg,0.21194356679916382,0.5761138200759888,0.2119426280260086
id_ohz8x56i79.jpg,0.5761169195175171,0.21194157004356384,0.21194157004356384
id_oli1uj1las.jpg,0.2119421809911728,0.5761156678199768,0.21194210648536682
id_om3a8xve6l.jpg,0.2119826376438141,0.5759513974189758,0.21206586062908173
id_om7ytfcpls.jpg,0.21242481470108032,0.5754510164260864,0.21212424337863922
id_oo1mx5ymtk.jpg,0.5761167407035828,0.2119416743516922,0.21194162964820862
id_oohww1e3aa.jpg,0.5761169195175171,0.21194157004356384,0.21194157004356384
id_or2qbpuujw.jpg,0.24090084433555603,0.21894775331020355,0.5401514172554016
id_or8godvlwx.jpg,0.570988118648529,0.21566344797611237,0.2133484184741974
id_ou8pq1hzwd.jpg,0.2488851547241211,0.5284510850906372,0.2226637452840805
id_ouq03n3opt.jpg,0.2119813710451126,0.5760593414306641,0.2119593620300293
id_oxcs1wnblk.jpg,0.21197368204593658,0.5760747194290161,0.21195156872272491
id_oxz95d1qnm.jpg,0.5761169195175171,0.21194157004356384,0.21194157004356384
id_oyytkl3oa0.jpg,0.5761163234710693,0.21194186806678772,0.21194180846214294
id_ozjffwap45.jpg,0.24091973900794983,0.5401475429534912,0.21893270313739777
id_p13pqhe04f.jpg,0.5761154890060425,0.21194186806678772,0.2119426280260086
id_p3bpzqhhit.jpg,0.5761169195175171,0.21194157004356384,0.21194157004356384
id_p47lz1d5up.jpg,0.5760493278503418,0.21199379861354828,0.21195685863494873
id_p6y4n6vn5e.jpg,0.21196578443050385,0.5760838985443115,0.21195030212402344
id_p7z5t8nr7f.jpg,0.21194231510162354,0.2119443118572235,0.5761134028434753
id_p974tike4b.jpg,0.22047929465770721,0.24563387036323547,0.5338868498802185
id_pck11u93dn.jpg,0.5760005712509155,0.2120249718427658,0.21197447180747986
id_pdmpgo51zf.jpg,0.21203504502773285,0.575960099697113,0.2120048999786377
id_phv3e7s9vd.jpg,0.5761169195175171,0.21194157004356384,0.21194157004356384
id_phxagy4y6s.jpg,0.21194961667060852,0.5761012434959412,0.21194911003112793
id_pife8wip0b.jpg,0.5761169195175171,0.21194157004356384,0.21194157004356384
id_pn7y6g0hjp.jpg,0.21201160550117493,0.2120593786239624,0.5759289860725403
id_pntkpy57se.jpg,0.21242481470108032,0.5754510164260864,0.21212424337863922
id_pp24w882ur.jpg,0.21194155514240265,0.21194155514240265,0.5761168599128723
id_ppdr0gmt9d.jpg,0.21200542151927948,0.21214529871940613,0.5758493542671204
id_pqj40ezo84.jpg,0.5761169195175171,0.21194157004356384,0.21194157004356384
id_psaye5bbmy.jpg,0.2119646817445755,0.5760238170623779,0.212011456489563
id_puhujcukah.jpg,0.227356418967247,0.5498519539833069,0.2227916270494461
id_pwgy33mr4b.jpg,0.5753938555717468,0.21244853734970093,0.21215760707855225
id_pwn5e9e1p7.jpg,0.5751227736473083,0.21230630576610565,0.2125708907842636
id_pwpzosfvbm.jpg,0.21194416284561157,0.5761133432388306,0.21194258332252502
id_px5m0awyjx.jpg,0.5761169195175171,0.21194157004356384,0.21194157004356384
id_pyhcdjz8o8.jpg,0.5761123299598694,0.21194373071193695,0.21194398403167725
id_pyjq5r512g.jpg,0.5761169195175171,0.21194157004356384,0.21194157004356384
id_pzrm28n2bq.jpg,0.5761169195175171,0.21194157004356384,0.21194157004356384
id_q1rjf8ygj8.jpg,0.21194157004356384,0.21194162964820862,0.5761168003082275
id_q2517ryv7t.jpg,0.21194221079349518,0.5761155486106873,0.21194224059581757
id_q32ayk5adl.jpg,0.21194155514240265,0.21194155514240265,0.5761168599128723
id_q3wdq35cv5.jpg,0.5761169195175171,0.21194157004356384,0.21194157004356384
id_q6g4z619ff.jpg,0.5761166214942932,0.21194173395633698,0.2119416445493698
id_q7dsadfkfp.jpg,0.5069445371627808,0.2683597207069397,0.22469575703144073
id_q8b3e1az0w.jpg,0.5761169195175171,0.21194157004356384,0.21194157004356384
id_qalbod24ns.jpg,0.21848824620246887,0.5422219634056091,0.239289790391922
id_qbwv3fl351.jpg,0.21569512784481049,0.5713515281677246,0.21295331418514252
id_qcbd33fhkd.jpg,0.5761169195175171,0.21194157004356384,0.21194157004356384
id_qdw44akx59.jpg,0.5761169195175171,0.21194157004356384,0.21194157004356384
id_qdylk3rwsi.jpg,0.5761169195175171,0.21194157004356384,0.21194157004356384
id_qdzqcr85sb.jpg,0.2974749803543091,0.4744958281517029,0.22802920639514923
id_qetwm61xjq.jpg,0.21482066810131073,0.565021276473999,0.22015811502933502
id_qh7mb43ea4.jpg,0.22336812317371368,0.5617215633392334,0.2149103879928589
id_qhwsn5sjky.jpg,0.21194161474704742,0.2119416743516922,0.5761167407035828
id_qjvehdunvp.jpg,0.22468146681785583,0.5601246953010559,0.21519377827644348
id_qm0yihlx8r.jpg,0.5761169195175171,0.21194157004356384,0.21194157004356384
id_qmoz3pj1ki.jpg,0.5761169195175171,0.21194157004356384,0.21194157004356384
id_qo5q3bzxum.jpg,0.5761169195175171,0.21194157004356384,0.21194157004356384
id_qp60rugwpz.jpg,0.5761168599128723,0.21194158494472504,0.21194158494472504
id_qphv1wsryg.jpg,0.21206751465797424,0.575951874256134,0.21198058128356934
id_qqtf2q8hqu.jpg,0.5761169195175171,0.21194157004356384,0.21194157004356384
id_qspez4tmne.jpg,0.5761169195175171,0.21194157004356384,0.21194157004356384
id_quhj73jw7i.jpg,0.27524620294570923,0.4995175004005432,0.22523626685142517
id_qv31emc1k3.jpg,0.5761168599128723,0.21194158494472504,0.21194158494472504
id_qw8eivp436.jpg,0.5761169195175171,0.21194157004356384,0.21194157004356384
id_qx0p7xr36g.jpg,0.5744868516921997,0.21322789788246155,0.21228526532649994
id_qy87hrslg6.jpg,0.5761169195175171,0.21194157004356384,0.21194157004356384
id_r0gcaflg0r.jpg,0.5761169195175171,0.21194157004356384,0.21194157004356384
id_r0oxjlww33.jpg,0.5761166214942932,0.21194173395633698,0.2119416445493698
id_r1c568gyb7.jpg,0.5761169195175171,0.21194157004356384,0.21194157004356384
id_r2qh78jyob.jpg,0.5761169195175171,0.21194157004356384,0.21194157004356384
id_r50fyfnzqh.jpg,0.22942183911800385,0.4588061571121216,0.3117719888687134
id_r5s3cn4iuq.jpg,0.21194657683372498,0.21196027100086212,0.5760930776596069
id_r84o75bud7.jpg,0.21194157004356384,0.21194162964820862,0.5761168599128723
id_rb445eugon.jpg,0.5761169195175171,0.21194157004356384,0.21194157004356384
id_rcx2w5a6g9.jpg,0.2122412621974945,0.5757189393043518,0.21203987300395966
id_reekwcctmj.jpg,0.5761169195175171,0.21194157004356384,0.21194157004356384
id_rfy3r8jhtk.jpg,0.5761169195175171,0.21194157004356384,0.21194157004356384
id_rgl13ss505.jpg,0.3113330602645874,0.45646971464157104,0.23219722509384155
id_rh42otmp8x.jpg,0.5761168599128723,0.21194158494472504,0.21194158494472504
id_rhwaelt77b.jpg,0.21194203197956085,0.5761159062385559,0.21194206178188324
id_rhxyv62mdq.jpg,0.2149636149406433,0.5707752108573914,0.21426112949848175
id_rj02n63kp6.jpg,0.5760226249694824,0.21200494468212128,0.2119724303483963
id_rj4wx2zzhp.jpg,0.21195562183856964,0.5760966539382935,0.2119477242231369
id_rjb0m0kzrs.jpg,0.2120348960161209,0.5757326483726501,0.21223247051239014
id_rlmqwptg69.jpg,0.5761169195175171,0.21194157004356384,0.21194157004356384
id_rlp1zc40tf.jpg,0.21195802092552185,0.576056718826294,0.21198533475399017
id_rlryrjw5qt.jpg,0.5760932564735413,0.21195924282073975,0.211947500705719
id_rnwysctm75.jpg,0.5758829712867737,0.2120748907327652,0.21204213798046112
id_rqd5qo1lpz.jpg,0.5761169195175171,0.21194157004356384,0.21194157004356384
id_rr09z2xvu4.jpg,0.5761167407035828,0.21194162964820862,0.21194159984588623
id_rr8c6flpv1.jpg,0.5761043429374695,0.2119499295949936,0.21194571256637573
id_rrbk30r6kh.jpg,0.5761049389839172,0.21194897592067719,0.21194612979888916
id_rsgpp32hk6.jpg,0.21194255352020264,0.5761154890060425,0.2119419425725937
id_rswpjbk5ea.jpg,0.21225392818450928,0.2130591869354248,0.5746868848800659
id_rycjvmjn4k.jpg,0.5761169195175171,0.21194157004356384,0.21194157004356384
id_rykyhtg5c3.jpg,0.575996458530426,0.21197505295276642,0.21202842891216278
id_rzwjplxtyh.jpg,0.5368214845657349,0.24369436502456665,0.2194840908050537
id_s0wikiu8hn.jpg,0.5744146108627319,0.2132759541273117,0.21230942010879517
id_s1av7tc3vw.jpg,0.2120775729417801,0.5759333372116089,0.21198908984661102
id_s1ddf6gcj2.jpg,0.5761169195175171,0.21194157004356384,0.21194157004356384
id_s4sboy3ozh.jpg,0.5761169195175171,0.21194157004356384,0.21194157004356384
id_s7wudr4fcb.jpg,0.5761169195175171,0.21194157004356384,0.21194157004356384
id_s8tnbtoqjb.jpg,0.21194155514240265,0.21194155514240265,0.5761168599128723
id_s8vc8sbsz5.jpg,0.5628998875617981,0.22243459522724152,0.21466559171676636
id_s8zflbhuvf.jpg,0.5656686425209045,0.22019629180431366,0.21413511037826538
id_s9ewsbgwuh.jpg,0.21200165152549744,0.5758461952209473,0.21215225756168365
id_s9fqnvn2m4.jpg,0.5761168599128723,0.21194158494472504,0.21194158494472504
id_s9udrx90dy.jpg,0.5761169195175171,0.21194157004356384,0.21194157004356384
id_sa5m7o3raa.jpg,0.21194332838058472,0.5761144161224365,0.21194219589233398
id_sbwyxqj41t.jpg,0.38095271587371826,0.3122085630893707,0.3068387508392334
id_sd3gb6ksxl.jpg,0.5761169195175171,0.21194157004356384,0.21194157004356384
id_sdbv9gvvrf.jpg,0.5229877829551697,0.24000023305416107,0.2370120733976364
id_se3unvvegw.jpg,0.5761169195175171,0.21194157004356384,0.21194157004356384
id_sec433h1se.jpg,0.21198104321956635,0.5760256052017212,0.21199336647987366
id_sfr6b6w9ys.jpg,0.5761163234710693,0.21194186806678772,0.21194182336330414
id_sfswc1ko1g.jpg,0.5761169195175171,0.21194157004356384,0.21194157004356384
id_sj80vdw1bu.jpg,0.5761169195175171,0.21194157004356384,0.21194157004356384
id_sjbllalhq7.jpg,0.5404618382453918,0.2401570826768875,0.21938109397888184
id_snoz9zpjyt.jpg,0.5761169195175171,0.21194157004356384,0.21194157004356384
id_snuttkxu9g.jpg,0.5761169195175171,0.21194157004356384,0.21194157004356384
id_sogq5cgbut.jpg,0.5759029984474182,0.21210354566574097,0.2119934856891632
id_soncg0jffg.jpg,0.5761169195175171,0.21194157004356384,0.21194157004356384
id_spsdfjdex9.jpg,0.5761169195175171,0.21194157004356384,0.21194157004356384
id_sqnzvsbune.jpg,0.5761169195175171,0.21194157004356384,0.21194157004356384
id_ssg6xiptba.jpg,0.5760975480079651,0.21195566654205322,0.2119467407464981
id_ste0oewz55.jpg,0.21201550960540771,0.5760074853897095,0.211977019906044
id_sthbo5zefn.jpg,0.21194836497306824,0.576106607913971,0.2119450718164444
id_stwwzttsfk.jpg,0.21755771338939667,0.5686735510826111,0.21376870572566986
id_suwetdb7vd.jpg,0.21194157004356384,0.21194162964820862,0.5761168003082275
id_swfnvjpg9v.jpg,0.21194761991500854,0.5761080384254456,0.21194440126419067
id_szhbo0igbe.jpg,0.21210065484046936,0.5758236646652222,0.21207572519779205
id_szljg89lq9.jpg,0.5761169195175171,0.21194157004356384,0.21194157004356384
id_t19dc030qz.jpg,0.21294045448303223,0.57483971118927,0.21221981942653656
id_t37u1133mm.jpg,0.5761168599128723,0.21194158494472504,0.21194158494472504
id_t3ejwleejy.jpg,0.23287145793437958,0.38734880089759827,0.37977972626686096
id_t6s3igq9fc.jpg,0.2214188426733017,0.5641631484031677,0.21441803872585297
id_t7nfloqibb.jpg,0.21194157004356384,0.21194158494472504,0.5761168599128723
id_t8bkohpg52.jpg,0.5284196734428406,0.2507112920284271,0.2208690494298935
id_tbra58cfuq.jpg,0.5761169195175171,0.21194157004356384,0.21194157004356384
id_tcyupvg1y4.jpg,0.5733444094657898,0.2140987515449524,0.212556853890419
id_tdnddlz0tm.jpg,0.5744867324829102,0.21322095394134521,0.21229229867458344
id_tdxkzfymw1.jpg,0.5761165022850037,0.21194174885749817,0.2119417041540146
id_tdzc8ybddv.jpg,0.576113224029541,0.21194368600845337,0.2119431048631668
id_tf63upea5a.jpg,0.5761169195175171,0.21194157004356384,0.21194157004356384
id_tfkf8byes4.jpg,0.21335573494434357,0.5716996192932129,0.21494460105895996
id_tghs8neuez.jpg,0.21211405098438263,0.5758913159370422,0.21199457347393036
id_tgp7vxu3a8.jpg,0.21198387444019318,0.5760613679885864,0.21195478737354279
id_tgy35ev719.jpg,0.21194155514240265,0.21194155514240265,0.5761168599128723
id_thxs2qqpqg.jpg,0.212786465883255,0.21505168080329895,0.572161853313446
id_tilxme6mos.jpg,0.5761168599128723,0.21194158494472504,0.21194158494472504
id_tk5oepc6vw.jpg,0.21204239130020142,0.5757412314414978,0.21221637725830078
id_tmn0kr41se.jpg,0.21771876513957977,0.5618048310279846,0.22047637403011322
id_tnpvn0t60n.jpg,0.21420185267925262,0.5732396245002747,0.2125585675239563
id_toiig8o6nt.jpg,0.21194157004356384,0.21194158494472504,0.5761168599128723
id_top4rdz7ty.jpg,0.5760616660118103,0.21198084950447083,0.21195748448371887
id_tpxmv75riv.jpg,0.21194297075271606,0.21194685995578766,0.5761101245880127
id_tqrg299dxv.jpg,0.5761166214942932,0.21194177865982056,0.2119416743516922
id_trwdowxes3.jpg,0.21207186579704285,0.5758664011955261,0.21206174790859222
id_tsfwbky6s3.jpg,0.5761169195175171,0.21194157004356384,0.21194157004356384
id_tt9qlvvcji.jpg,0.23119015991687775,0.5502743721008301,0.2185353934764862
id_ttp4tztiek.jpg,0.5761169195175171,0.21194157004356384,0.21194157004356384
id_ttp67r9gl6.jpg,0.21382023394107819,0.2129746377468109,0.5732051730155945
id_tuwlieph08.jpg,0.5761167407035828,0.21194158494472504,0.21194158494472504
id_tv168ghvxd.jpg,0.5761169195175171,0.21194157004356384,0.21194157004356384
id_tvd1vr9c6c.jpg,0.21194204688072205,0.576116144657135,0.21194173395633698
id_tzgwvdjh8y.jpg,0.21194274723529816,0.21194607019424438,0.5761111378669739
id_u0ubc6531p.jpg,0.2133263349533081,0.5743546485900879,0.2123190313577652
id_u18q7ctpk3.jpg,0.5761169195175171,0.21194157004356384,0.21194157004356384
id_u3ato7u1z2.jpg,0.21894299983978271,0.5667202472686768,0.2143367975950241
id_u3nu82b2w0.jpg,0.21194174885749817,0.21194224059581757,0.5761160254478455
id_u6g8xhcq4v.jpg,0.5761169195175171,0.21194157004356384,0.21194157004356384
id_u822p5sq8b.jpg,0.47037070989608765,0.267214298248291,0.2624150216579437
id_ua9fx7k3g7.jpg,0.5761169195175171,0.21194157004356384,0.21194157004356384
id_uddlkgvn23.jpg,0.22334761917591095,0.5617856383323669,0.2148667275905609
id_ue490hfcyv.jpg,0.2119416892528534,0.21194200217723846,0.5761163234710693
id_ueo95s7inb.jpg,0.2124488204717636,0.5754421353340149,0.2121090292930603
id_ufcorwsgqd.jpg,0.3743900656700134,0.3652585446834564,0.26035141944885254
id_ui6swc82vn.jpg,0.5742166638374329,0.21340280771255493,0.212380513548851
id_ujskwrw6bg.jpg,0.5761167407035828,0.21194161474704742,0.21194162964820862
id_ukl71eqd1n.jpg,0.5761169195175171,0.21194157004356384,0.21194157004356384
id_ukub3q9emc.jpg,0.5761169195175171,0.21194157004356384,0.21194157004356384
id_ulyj9e7m79.jpg,0.22256913781166077,0.5296814441680908,0.24774940311908722
id_ulzk4p835t.jpg,0.21324636042118073,0.5738962888717651,0.21285729110240936
id_uompu9rj03.jpg,0.2119417041540146,0.2119421511888504,0.576116144657135
id_uq1acn82ek.jpg,0.21194159984588623,0.21194177865982056,0.5761166214942932
id_urk774ut2a.jpg,0.21194157004356384,0.21194158494472504,0.5761168599128723
id_uutzgouzed.jpg,0.5760300159454346,0.21197929978370667,0.21199063956737518
id_uwg9j6d6u5.jpg,0.21194328367710114,0.5761144757270813,0.21194233000278473
id_uxutpxc599.jpg,0.5761169195175171,0.21194157004356384,0.21194157004356384
id_uxvq5xwulb.jpg,0.5761169195175171,0.21194157004356384,0.21194157004356384
id_uy2i5sgmo1.jpg,0.4607366919517517,0.309948205947876,0.22931508719921112
id_v016283wjn.jpg,0.5693804025650024,0.2133965939283371,0.21722303330898285
id_v1hlmorp50.jpg,0.21215085685253143,0.5755034685134888,0.212345689535141
id_v2at6dlgst.jpg,0.23967087268829346,0.5417411923408508,0.21858789026737213
id_v3gknb05v8.jpg,0.5604361891746521,0.21519140899181366,0.22437243163585663
id_v3rklm0vbg.jpg,0.5761169195175171,0.21194157004356384,0.21194157004356384
id_v7nbqrhggw.jpg,0.2119491994380951,0.5761017203330994,0.21194906532764435
id_v8grwbidcc.jpg,0.576102077960968,0.2119530439376831,0.21194487810134888
id_v919v66exa.jpg,0.2119418829679489,0.21194280683994293,0.5761153101921082
id_v93k3mjxfz.jpg,0.5761169195175171,0.21194157004356384,0.21194157004356384
id_vautp73pum.jpg,0.34872785210609436,0.41908374428749084,0.232188418507576
id_vawh0j78pi.jpg,0.21194249391555786,0.5761156678199768,0.2119419425725937
id_venjjlvsdb.jpg,0.5503019094467163,0.22956067323684692,0.22013743221759796
id_vilw006woa.jpg,0.5761145353317261,0.2119431048631668,0.21194231510162354
id_vk3bsqnian.jpg,0.5761169195175171,0.21194157004356384,0.21194157004356384
id_vm95trmrym.jpg,0.5761169195175171,0.21194157004356384,0.21194157004356384
id_vnp8h2ahwz.jpg,0.21194185316562653,0.211942657828331,0.5761154890060425
id_vnr96k4otc.jpg,0.5761169195175171,0.21194157004356384,0.21194157004356384
id_vqkscphy17.jpg,0.5761167407035828,0.21194158494472504,0.21194158494472504
id_vs50x01pnn.jpg,0.5761167407035828,0.21194162964820862,0.21194161474704742
id_vtclbp2q6p.jpg,0.21198490262031555,0.5760607719421387,0.21195432543754578
id_vud88to52u.jpg,0.21194438636302948,0.21195204555988312,0.5761035680770874
id_vunngzaao0.jpg,0.5761169195175171,0.21194157004356384,0.21194157004356384
id_vwi9qf83z5.jpg,0.5539608597755432,0.21978293359279633,0.22625620663166046
id_vybvadxbeg.jpg,0.5761150121688843,0.21194276213645935,0.21194221079349518
id_vyimjd8ozt.jpg,0.5761121511459351,0.21194490790367126,0.2119429111480713
id_w0qxihth93.jpg,0.21259954571723938,0.5730161666870117,0.2143842577934265
id_w0yjhohz11.jpg,0.3021427094936371,0.3970504403114319,0.30080685019493103
id_w1ej4cs5x4.jpg,0.5761038661003113,0.21195098757743835,0.21194514632225037
id_w2504mxdan.jpg,0.5761169195175171,0.21194157004356384,0.21194157004356384
id_w2yvcm69k8.jpg,0.21194826066493988,0.5761076211929321,0.2119440883398056
id_w3jdvmb9ng.jpg,0.2319163680076599,0.34786316752433777,0.42022040486335754
id_w3xc9815j2.jpg,0.5761169195175171,0.21194157004356384,0.21194157004356384
id_w5bhneyqo7.jpg,0.21196390688419342,0.5760385990142822,0.21199756860733032
id_w6jwojzr9v.jpg,0.2120034396648407,0.2121542990207672,0.5758422017097473
id_w763tns6e6.jpg,0.21196860074996948,0.5760779976844788,0.21195341646671295
id_w86ku2lcm4.jpg,0.5761168599128723,0.21194158494472504,0.21194157004356384
id_w8p5399l7w.jpg,0.5761169195175171,0.21194157004356384,0.21194157004356384
id_w99do194z1.jpg,0.576041579246521,0.21199971437454224,0.21195873618125916
id_w9fm3x1my6.jpg,0.2127424031496048,0.5750961899757385,0.2121613621711731
id_w9yf7sq9e9.jpg,0.21194203197956085,0.2119433730840683,0.5761145353317261
id_wa5en4qhoh.jpg,0.3381294906139374,0.42921608686447144,0.2326543778181076
id_wb1cl3irf7.jpg,0.5761169195175171,0.21194157004356384,0.21194157004356384
id_we9o2buksi.jpg,0.5761169195175171,0.21194157004356384,0.21194157004356384
id_wfa94ie2du.jpg,0.21194158494472504,0.2119416445493698,0.5761167407035828
id_wgak7atnj8.jpg,0.575268566608429,0.21260616183280945,0.21212534606456757
id_wgv3zrcwav.jpg,0.21237097680568695,0.21353551745414734,0.5740935206413269
id_whbk4vq0xf.jpg,0.576116144657135,0.21194212138652802,0.21194174885749817
id_whhw9gbfeb.jpg,0.21194368600845337,0.5761128067970276,0.21194349229335785
id_wi9dejk0b9.jpg,0.5761169195175171,0.21194157004356384,0.21194157004356384
id_wlgd8c7s3z.jpg,0.5761167407035828,0.211941659450531,0.21194161474704742
id_wmx7rlrxg0.jpg,0.5761169195175171,0.21194157004356384,0.21194157004356384
id_wn1325oc1y.jpg,0.2119424045085907,0.5761156678199768,0.2119419425725937
id_wnlql3t1c1.jpg,0.5761169195175171,0.21194157004356384,0.21194157004356384
id_wq18wcp81e.jpg,0.5761165022850037,0.21194176375865936,0.21194162964820862
id_wquw3q3p2z.jpg,0.4971748888492584,0.2760000228881836,0.22682513296604156
id_wqwoxsohdv.jpg,0.5412764549255371,0.23978577554225922,0.21893781423568726
id_wrukk3s51z.jpg,0.2119486778974533,0.5760945081710815,0.21195675432682037
id_wrw6kgxh4a.jpg,0.574708878993988,0.2130507528781891,0.2122403234243393
id_wsh7t9dxnf.jpg,0.21194157004356384,0.21194158494472504,0.5761168599128723
id_wu6jtop7y1.jpg,0.21197746694087982,0.5760188698768616,0.2120036631822586
id_wvb9f6jqxp.jpg,0.21194157004356384,0.21194162964820862,0.5761168003082275
id_wwo1nsomhj.jpg,0.5761169195175171,0.21194157004356384,0.21194157004356384
id_wwtgdf0p1l.jpg,0.5761163830757141,0.21194183826446533,0.21194173395633698
id_wxo66wf3gm.jpg,0.5761169195175171,0.21194157004356384,0.21194157004356384
id_wyunn3afu3.jpg,0.2119944989681244,0.5760481357574463,0.21195729076862335
id_wywe3z64s3.jpg,0.5761168003082275,0.21194159984588623,0.21194155514240265
id_wz36qs2v2y.jpg,0.21194171905517578,0.21194219589233398,0.5761160850524902
id_wz8mbn9sng.jpg,0.21194157004356384,0.21194158494472504,0.5761168599128723
id_x001eogutw.jpg,0.576046347618103,0.21195657551288605,0.21199706196784973
id_x0nnigif79.jpg,0.21985863149166107,0.5636687874794006,0.2164725661277771
id_x68mjo4xbl.jpg,0.21212619543075562,0.5758689641952515,0.2120048850774765
id_x791d7hjde.jpg,0.5761169195175171,0.21194157004356384,0.21194157004356384
id_x8841bs8mo.jpg,0.5748171806335449,0.21231873333454132,0.21286414563655853
id_x8c5blrien.jpg,0.5761169195175171,0.21194157004356384,0.21194157004356384
id_x92bjv4m7a.jpg,0.5761169195175171,0.21194157004356384,0.21194157004356384
id_x9fw0j3iqa.jpg,0.215165376663208,0.5719175338745117,0.21291711926460266
id_xajwlvf7tw.jpg,0.5755507349967957,0.21219561994075775,0.2122536450624466
id_xal0mklwc3.jpg,0.21194182336330414,0.21194258332252502,0.5761155486106873
id_xb7bivle83.jpg,0.21244822442531586,0.5754677653312683,0.21208404004573822
id_xbi5xa8pl7.jpg,0.5761169195175171,0.21194157004356384,0.21194157004356384
id_xbpu7rwpog.jpg,0.5760866403579712,0.21195581555366516,0.2119576334953308
id_xedjynm8sh.jpg,0.2267269641160965,0.48588088154792786,0.2873922288417816
id_xeu58snvje.jpg,0.5761169195175171,0.21194157004356384,0.21194157004356384
id_xg82bhcs72.jpg,0.2119419425725937,0.21194277703762054,0.5761152505874634
id_xgqkcc5npp.jpg,0.21400833129882812,0.21989943087100983,0.5660922527313232
id_xi7r0lr3vt.jpg,0.5575436949729919,0.21718664467334747,0.22526967525482178
id_xiv6fmv4wm.jpg,0.21246962249279022,0.5753071904182434,0.2122231423854828
id_xj1s29redt.jpg,0.5761166214942932,0.21194171905517578,0.2119417041540146
id_xjbzes2q7b.jpg,0.5761169195175171,0.21194157004356384,0.21194157004356384
id_xl5adfkuw2.jpg,0.5761072635650635,0.21194761991500854,0.21194510161876678
id_xq8xbgid55.jpg,0.2125862091779709,0.21420390903949738,0.573209822177887
id_xr40o03eho.jpg,0.21284320950508118,0.5728399753570557,0.21431678533554077
id_xr9avpzwjz.jpg,0.4608817398548126,0.28234192728996277,0.2567763924598694
id_xrer1k8ota.jpg,0.5761167407035828,0.21194159984588623,0.21194158494472504
id_xs96ksjv7k.jpg,0.46508675813674927,0.3059466779232025,0.22896653413772583
id_xsaeioml0k.jpg,0.55521160364151,0.2281634658575058,0.2166249006986618
id_xsdosw4f63.jpg,0.576068639755249,0.2119634747505188,0.21196790039539337
id_xuhsdgid5q.jpg,0.215159073472023,0.5652843713760376,0.21955658495426178
id_xuygfg2sp3.jpg,0.5760169625282288,0.21198174357414246,0.21200130879878998
id_xy6orpo8zf.jpg,0.5761169195175171,0.21194157004356384,0.21194157004356384
id_y1o2x9smtx.jpg,0.5761169195175171,0.21194157004356384,0.21194157004356384
id_y25rtqtb7t.jpg,0.5761169195175171,0.21194157004356384,0.21194157004356384
id_y4yz1jk5r1.jpg,0.5761169195175171,0.21194157004356384,0.21194157004356384
id_y56i8gbqm7.jpg,0.21198824048042297,0.2121153324842453,0.5758964419364929
id_y5ukefbcps.jpg,0.5758938193321228,0.21200844645500183,0.21209768950939178
id_y75fvp3yr1.jpg,0.21194157004356384,0.21194158494472504,0.5761168599128723
id_y7mqirxdv8.jpg,0.5761169195175171,0.21194157004356384,0.21194157004356384
id_y82ho9id89.jpg,0.5761169195175171,0.21194157004356384,0.21194157004356384
id_y8rq551j3m.jpg,0.2119508981704712,0.5761042833328247,0.21194486320018768
id_yc5lf1k1ns.jpg,0.21194157004356384,0.21194158494472504,0.5761168599128723
id_yciny6gykn.jpg,0.5758535861968994,0.2120961993932724,0.21205024421215057
id_yfbqkw1ymg.jpg,0.5760316848754883,0.21196192502975464,0.21200628578662872
id_yfppsjq33j.jpg,0.5761116147041321,0.2119452953338623,0.21194306015968323
id_yhji67eb9c.jpg,0.2126026302576065,0.5752559900283813,0.21214140951633453
id_yies2kffo9.jpg,0.5367240309715271,0.24329274892807007,0.21998316049575806
id_yijkuvg4c6.jpg,0.21261413395404816,0.5750740170478821,0.21231187880039215
id_yjme0wt3ne.jpg,0.5761169195175171,0.21194157004356384,0.21194157004356384
id_ykwjcm7qqr.jpg,0.5761169195175171,0.21194157004356384,0.21194157004356384
id_yl7mb6baap.jpg,0.5761169195175171,0.21194157004356384,0.21194157004356384
id_yl85vi7fal.jpg,0.211946502327919,0.5761104822158813,0.21194297075271606
id_ym9mzaewzx.jpg,0.5761169195175171,0.21194157004356384,0.21194157004356384
id_ymd931nw1w.jpg,0.21201249957084656,0.5760263800621033,0.21196119487285614
id_yny73gm4c4.jpg,0.5761163830757141,0.21194171905517578,0.21194182336330414
id_yo4h7crinn.jpg,0.2119418978691101,0.5761162638664246,0.21194174885749817
id_ys8pl8iwuj.jpg,0.5761167407035828,0.21194161474704742,0.21194161474704742
id_ysjhxc0kpv.jpg,0.21228459477424622,0.21253561973571777,0.5751798152923584
id_ytwkt162q6.jpg,0.2119424045085907,0.5761156678199768,0.21194195747375488
id_yuo2xlbzs9.jpg,0.5761169195175171,0.21194157004356384,0.21194157004356384
id_yz8m2zc7mn.jpg,0.5761169195175171,0.21194157004356384,0.21194157004356384
id_z0di3urhd3.jpg,0.5715645551681519,0.2154921442270279,0.21294324100017548
id_z405c8vwbs.jpg,0.22344042360782623,0.5616527795791626,0.21490681171417236
id_z4ra6bl1u5.jpg,0.5761059522628784,0.21194608509540558,0.2119479477405548
id_z9o3yg7icv.jpg,0.21194157004356384,0.21194161474704742,0.5761168003082275
id_z9vpagzd8d.jpg,0.21194183826446533,0.2119416743516922,0.5761165022850037
id_ze7kusje5k.jpg,0.5761169195175171,0.21194157004356384,0.21194157004356384
id_zezswf7mgc.jpg,0.211943119764328,0.5761145949363708,0.2119421809911728
id_zf23xyc4tp.jpg,0.5761169195175171,0.21194157004356384,0.21194157004356384
id_zirhmvpnxr.jpg,0.2121499478816986,0.5752074718475342,0.2126426249742508
id_zjttmksblf.jpg,0.2132013887166977,0.5744644403457642,0.21233411133289337
id_zlht6gd0y2.jpg,0.5761169195175171,0.21194157004356384,0.21194157004356384
id_zll75i7pth.jpg,0.4538887143135071,0.3160393536090851,0.23007194697856903
id_zot2kkt61p.jpg,0.36584997177124023,0.4009598195552826,0.23319017887115479
id_zppfrdno2o.jpg,0.2327193021774292,0.3980562090873718,0.36922451853752136
id_zqw38plmbv.jpg,0.21309976279735565,0.21531465649604797,0.5715855956077576
id_zrdlgjrq3r.jpg,0.21195067465305328,0.2119755893945694,0.5760737657546997
id_zsfayxwipp.jpg,0.2129845768213272,0.21590884029865265,0.5711066126823425
id_ztvp2l9k3h.jpg,0.2547898292541504,0.5219926238059998,0.22321750223636627
id_zwwcma7hlt.jpg,0.5761169195175171,0.21194157004356384,0.21194157004356384
id_zyo7m4fj8h.jpg,0.5761169195175171,0.21194157004356384,0.21194157004356384
